-- MySQL dump 10.13  Distrib 8.0.34, for Win64 (x86_64)
--
-- Host: 127.0.0.1    Database: uni_exam_schedule
-- ------------------------------------------------------
-- Server version	8.0.34

/*!40101 SET @OLD_CHARACTER_SET_CLIENT=@@CHARACTER_SET_CLIENT */;
/*!40101 SET @OLD_CHARACTER_SET_RESULTS=@@CHARACTER_SET_RESULTS */;
/*!40101 SET @OLD_COLLATION_CONNECTION=@@COLLATION_CONNECTION */;
/*!50503 SET NAMES utf8 */;
/*!40103 SET @OLD_TIME_ZONE=@@TIME_ZONE */;
/*!40103 SET TIME_ZONE='+00:00' */;
/*!40014 SET @OLD_UNIQUE_CHECKS=@@UNIQUE_CHECKS, UNIQUE_CHECKS=0 */;
/*!40014 SET @OLD_FOREIGN_KEY_CHECKS=@@FOREIGN_KEY_CHECKS, FOREIGN_KEY_CHECKS=0 */;
/*!40101 SET @OLD_SQL_MODE=@@SQL_MODE, SQL_MODE='NO_AUTO_VALUE_ON_ZERO' */;
/*!40111 SET @OLD_SQL_NOTES=@@SQL_NOTES, SQL_NOTES=0 */;

--
-- Table structure for table `account`
--

DROP TABLE IF EXISTS `account`;
/*!40101 SET @saved_cs_client     = @@character_set_client */;
/*!50503 SET character_set_client = utf8mb4 */;
CREATE TABLE `account` (
  `id` bigint NOT NULL,
  `image` text,
  `password` varchar(255) DEFAULT NULL,
  `status` varchar(255) DEFAULT NULL,
  `role` varchar(255) DEFAULT NULL,
  PRIMARY KEY (`id`),
  CONSTRAINT `FK7y2xm0umcdojys1422d5walap` FOREIGN KEY (`id`) REFERENCES `user` (`id`)
) ENGINE=InnoDB DEFAULT CHARSET=utf8mb4 COLLATE=utf8mb4_0900_ai_ci;
/*!40101 SET character_set_client = @saved_cs_client */;

--
-- Dumping data for table `account`
--

LOCK TABLES `account` WRITE;
/*!40000 ALTER TABLE `account` DISABLE KEYS */;
INSERT INTO `account` VALUES (1020001,'https://res.cloudinary.com/dbh8vdpi7/image/upload/v1696798063/user-profile-interface-sign-symbol-icon-3d-rendering_rkjccs.jpg','$2a$10$X58eX7DGPB0sxIDGbQDxku/4SkRmD2fXyHkjx.LcgxIRRJqdqibV.','ACTIVE','ROLE_ADMIN'),(2010001,'https://res.cloudinary.com/dbh8vdpi7/image/upload/v1696798063/user-profile-interface-sign-symbol-icon-3d-rendering_rkjccs.jpg','$2a$10$rVtc7rcji.VOqX/RwQqi2OqQZyX52KlIbWGYSkb0/8Etu759Ph.8C','ACTIVE','ROLE_STUDENT'),(2010002,'https://res.cloudinary.com/dbh8vdpi7/image/upload/v1696798063/user-profile-interface-sign-symbol-icon-3d-rendering_rkjccs.jpg','$2a$10$M6l1EOrix9ZjTMlMOXmz9.FTElXnbayfPNmz0EYZzRXKxEcITgKji','ACTIVE','ROLE_STUDENT'),(2010003,'https://res.cloudinary.com/dbh8vdpi7/image/upload/v1696798063/user-profile-interface-sign-symbol-icon-3d-rendering_rkjccs.jpg','$2a$10$8JbO0Q/xANNdiQg3ff2NSebOGhXKKhO1zFTekkRokpAHfnVfRLJfi','ACTIVE','ROLE_STUDENT'),(2010004,'https://res.cloudinary.com/dbh8vdpi7/image/upload/v1696798063/user-profile-interface-sign-symbol-icon-3d-rendering_rkjccs.jpg','$2a$10$y/DMqiYSWtP9m9qZcoojIuimzBMY5DMyV6/B8P.fIX0kaj0TWIURW','ACTIVE','ROLE_STUDENT'),(2010005,'https://res.cloudinary.com/dbh8vdpi7/image/upload/v1696798063/user-profile-interface-sign-symbol-icon-3d-rendering_rkjccs.jpg','$2a$10$03FaIBNL78aa9YCa7b2hRuQk1JIg.JdPJkMRDrAt2ozWw6tZjxE0K','ACTIVE','ROLE_STUDENT'),(2010006,'https://res.cloudinary.com/dbh8vdpi7/image/upload/v1696798063/user-profile-interface-sign-symbol-icon-3d-rendering_rkjccs.jpg','$2a$10$697nTqK64qUW8DYekbehYOUbJi84qTpF85rxWPFSucxPLH4sYSbB.','ACTIVE','ROLE_STUDENT'),(2010007,'https://res.cloudinary.com/dbh8vdpi7/image/upload/v1696798063/user-profile-interface-sign-symbol-icon-3d-rendering_rkjccs.jpg','$2a$10$p4gMJi9JiN20r0ouL3GG8O5Wp4WKBmnYz4MA7X0KN6Ubg6l.QkMOC','ACTIVE','ROLE_STUDENT'),(2010008,'https://res.cloudinary.com/dbh8vdpi7/image/upload/v1696798063/user-profile-interface-sign-symbol-icon-3d-rendering_rkjccs.jpg','$2a$10$n14FJo.TSWDab4tb13h5feI4/exNdYvErzFg0y5ioouzlwxlWu4s6','ACTIVE','ROLE_STUDENT'),(2010009,'https://res.cloudinary.com/dbh8vdpi7/image/upload/v1696798063/user-profile-interface-sign-symbol-icon-3d-rendering_rkjccs.jpg','$2a$10$WnFFA0cqKaewb3mTVMG49.bXePPAeVdyQk6vmxpPxOmGEcF9TV9Ni','ACTIVE','ROLE_STUDENT'),(2010010,'https://res.cloudinary.com/dbh8vdpi7/image/upload/v1696798063/user-profile-interface-sign-symbol-icon-3d-rendering_rkjccs.jpg','$2a$10$hDk734DtF95HVp4wOi2ukOzikmHUgc.DVVaM1e/YOhbW4jz9M9Tii','ACTIVE','ROLE_STUDENT'),(2010011,'https://res.cloudinary.com/dbh8vdpi7/image/upload/v1696798063/user-profile-interface-sign-symbol-icon-3d-rendering_rkjccs.jpg','$2a$10$AVoMtKIh6JtA/.9fdBWh6uo3CBXd9zUy63yhrySh/THiTDSnRyNzu','ACTIVE','ROLE_STUDENT'),(2010012,'https://res.cloudinary.com/dbh8vdpi7/image/upload/v1696798063/user-profile-interface-sign-symbol-icon-3d-rendering_rkjccs.jpg','$2a$10$a6ePsge27WUFGcAmwwP/nuFKKSutO3bPMVl3nCC0lNVQpCQ36DKfi','ACTIVE','ROLE_STUDENT'),(2010013,'https://res.cloudinary.com/dbh8vdpi7/image/upload/v1696798063/user-profile-interface-sign-symbol-icon-3d-rendering_rkjccs.jpg','$2a$10$UvtxcxF9YFz1mQF90mksQ.2hiW3Hrbef9/Mw.I284Miqkam17qbmO','ACTIVE','ROLE_STUDENT'),(2010014,'https://res.cloudinary.com/dbh8vdpi7/image/upload/v1696798063/user-profile-interface-sign-symbol-icon-3d-rendering_rkjccs.jpg','$2a$10$5uhDZs4aEMn/lJFRWsvrh.eS2Eul5.6K3EHnDE0cBUvgFSKU68iXC','ACTIVE','ROLE_STUDENT'),(2010015,'https://res.cloudinary.com/dbh8vdpi7/image/upload/v1696798063/user-profile-interface-sign-symbol-icon-3d-rendering_rkjccs.jpg','$2a$10$spF4w6oFyTAtR.hv8M2Mh.MaS9qZe.50ehWMERLq7ZfF2EXGEsFrq','ACTIVE','ROLE_STUDENT'),(2010016,'https://res.cloudinary.com/dbh8vdpi7/image/upload/v1696798063/user-profile-interface-sign-symbol-icon-3d-rendering_rkjccs.jpg','$2a$10$4jCogI.oFeQaHMm7f99klu0YcFkIXWksy6Ukt67MVm6Pi1a5vrPWG','ACTIVE','ROLE_STUDENT'),(2010017,'https://res.cloudinary.com/dbh8vdpi7/image/upload/v1696798063/user-profile-interface-sign-symbol-icon-3d-rendering_rkjccs.jpg','$2a$10$hV87BB4ghrjlnq.1cjglLu7a8A23mg15CIZH5j10HkIDf60KGj5xS','ACTIVE','ROLE_STUDENT'),(2010018,'https://res.cloudinary.com/dbh8vdpi7/image/upload/v1696798063/user-profile-interface-sign-symbol-icon-3d-rendering_rkjccs.jpg','$2a$10$3kXVKSWt2DYDo9DHdJg7z.a9hQTL2sMNKMbHmOCCQzl9qPBwKnZiS','ACTIVE','ROLE_STUDENT'),(2010019,'https://res.cloudinary.com/dbh8vdpi7/image/upload/v1696798063/user-profile-interface-sign-symbol-icon-3d-rendering_rkjccs.jpg','$2a$10$bQBQt30qCz/fJekLyNC1a.SfEJcVBEjrhaDb6BCAxcDCpi7eEBwlK','ACTIVE','ROLE_STUDENT'),(2010020,'https://res.cloudinary.com/dbh8vdpi7/image/upload/v1696798063/user-profile-interface-sign-symbol-icon-3d-rendering_rkjccs.jpg','$2a$10$JgQp5t0Acgx2DX0JV9aQ5.Yos/O0QucHNcvumjYMkkU5WHwpyPJBy','ACTIVE','ROLE_STUDENT'),(2010021,'https://res.cloudinary.com/dbh8vdpi7/image/upload/v1696798063/user-profile-interface-sign-symbol-icon-3d-rendering_rkjccs.jpg','$2a$10$MHoChQgie1ZT.gjGmaETPOBUE8xjfkngt0eACI0tH9L1j9R5Rpee6','ACTIVE','ROLE_STUDENT'),(2010022,'https://res.cloudinary.com/dbh8vdpi7/image/upload/v1696798063/user-profile-interface-sign-symbol-icon-3d-rendering_rkjccs.jpg','$2a$10$RvJECzzj3vOFAQ6HtomINey1HLx.TU3fl6tvYLPPwGcatTPgrRzbS','ACTIVE','ROLE_STUDENT'),(2010023,'https://res.cloudinary.com/dbh8vdpi7/image/upload/v1696798063/user-profile-interface-sign-symbol-icon-3d-rendering_rkjccs.jpg','$2a$10$nuyisBj00ClLxaimdb6im.ktEbPn.CeNjhzIpagsCVYGs7hr2DG0u','ACTIVE','ROLE_STUDENT'),(2010024,'https://res.cloudinary.com/dbh8vdpi7/image/upload/v1696798063/user-profile-interface-sign-symbol-icon-3d-rendering_rkjccs.jpg','$2a$10$g5q5qC5/i3UfdOkDDzbVGOeiuT66wrI41LhelSQV5/BPPttZXpZJC','ACTIVE','ROLE_STUDENT'),(2010025,'https://res.cloudinary.com/dbh8vdpi7/image/upload/v1696798063/user-profile-interface-sign-symbol-icon-3d-rendering_rkjccs.jpg','$2a$10$r2HL099/.3uSTZlzmS8aIekJH2Zr0S3TAlJT7XWHEm2B3Ac14lA3W','ACTIVE','ROLE_STUDENT'),(2010026,'https://res.cloudinary.com/dbh8vdpi7/image/upload/v1696798063/user-profile-interface-sign-symbol-icon-3d-rendering_rkjccs.jpg','$2a$10$wW2iHEAOhD/AYD5ESUTR2uLFcmqv7UUCa9e86oM02K/MASC2vmKe.','ACTIVE','ROLE_STUDENT'),(2010027,'https://res.cloudinary.com/dbh8vdpi7/image/upload/v1696798063/user-profile-interface-sign-symbol-icon-3d-rendering_rkjccs.jpg','$2a$10$BRP2GNNq6aK5OC4rfU62Re6gjXg7YMyTBKZ8mP5tqmA14YefcXshq','ACTIVE','ROLE_STUDENT'),(2010028,'https://res.cloudinary.com/dbh8vdpi7/image/upload/v1696798063/user-profile-interface-sign-symbol-icon-3d-rendering_rkjccs.jpg','$2a$10$L37LFOnkwbljcgmDbtUq/.9w/TVDLyclW.um8os.YuGapOWRrsBG6','ACTIVE','ROLE_STUDENT'),(2010029,'https://res.cloudinary.com/dbh8vdpi7/image/upload/v1696798063/user-profile-interface-sign-symbol-icon-3d-rendering_rkjccs.jpg','$2a$10$H6JGmLR0MMKpFzSDdw78puibKQKafU76fGTdf1bwHto3i5O87011y','ACTIVE','ROLE_STUDENT'),(2010030,'https://res.cloudinary.com/dbh8vdpi7/image/upload/v1696798063/user-profile-interface-sign-symbol-icon-3d-rendering_rkjccs.jpg','$2a$10$vXG2ayzOyhVS1d/lEREgbe3pIn9eiIJnTg2cN8TLoaDWdTd.QPb/K','ACTIVE','ROLE_STUDENT'),(2010031,'https://res.cloudinary.com/dbh8vdpi7/image/upload/v1696798063/user-profile-interface-sign-symbol-icon-3d-rendering_rkjccs.jpg','$2a$10$U0g.mi5OpcLk63dNLaKbcecihfgmeKBQD8C2C5XZ6MZSazGxOrS3y','ACTIVE','ROLE_STUDENT'),(2010032,'https://res.cloudinary.com/dbh8vdpi7/image/upload/v1696798063/user-profile-interface-sign-symbol-icon-3d-rendering_rkjccs.jpg','$2a$10$2QlU7a173Rpja90ghMdh1.hAwq191AmfhnaU8ndgTJfHvV/xUbi9a','ACTIVE','ROLE_STUDENT'),(2010033,'https://res.cloudinary.com/dbh8vdpi7/image/upload/v1696798063/user-profile-interface-sign-symbol-icon-3d-rendering_rkjccs.jpg','$2a$10$hIns1dlr27l.xrfaZMEH8.yli4sxIJupZBykafwNoTlVHsdUuk2ZS','ACTIVE','ROLE_STUDENT'),(2010034,'https://res.cloudinary.com/dbh8vdpi7/image/upload/v1696798063/user-profile-interface-sign-symbol-icon-3d-rendering_rkjccs.jpg','$2a$10$g7MrIa.BJ/qRN0p6m80SbeA1UmQTQU8cYXYVUmB2ncYZE2I3yZAuq','ACTIVE','ROLE_STUDENT'),(2010035,'https://res.cloudinary.com/dbh8vdpi7/image/upload/v1696798063/user-profile-interface-sign-symbol-icon-3d-rendering_rkjccs.jpg','$2a$10$aW8ZU8/c9eDDuGb4tHV.5.b3TLSVFQaKV2dt9JnLovVOAJLqU8oyO','ACTIVE','ROLE_STUDENT'),(2010036,'https://res.cloudinary.com/dbh8vdpi7/image/upload/v1696798063/user-profile-interface-sign-symbol-icon-3d-rendering_rkjccs.jpg','$2a$10$OQn.HiAgMHzv2ZdZRbRV9u7ZIX3QDZmcxeKwFniFGF/dGRKR2FvbG','ACTIVE','ROLE_STUDENT'),(2010037,'https://res.cloudinary.com/dbh8vdpi7/image/upload/v1696798063/user-profile-interface-sign-symbol-icon-3d-rendering_rkjccs.jpg','$2a$10$7SYrUrsXCiedzcDMmxwsE.lVt1Bvag012PMRZKOBC0y1.9ATZK6gy','ACTIVE','ROLE_STUDENT'),(2010038,'https://res.cloudinary.com/dbh8vdpi7/image/upload/v1696798063/user-profile-interface-sign-symbol-icon-3d-rendering_rkjccs.jpg','$2a$10$dfSDQytZJsW4x5tn9rAlaeuOdDWbFoeDI51QleI.1SJsmGB8JgBzy','ACTIVE','ROLE_STUDENT'),(2010039,'https://res.cloudinary.com/dbh8vdpi7/image/upload/v1696798063/user-profile-interface-sign-symbol-icon-3d-rendering_rkjccs.jpg','$2a$10$Lxi3JnZTJoYktRXdBtcWI.f.Uz/ylyse0cL3/ci0X1ig3G/Uc5C9e','ACTIVE','ROLE_STUDENT'),(2010040,'https://res.cloudinary.com/dbh8vdpi7/image/upload/v1696798063/user-profile-interface-sign-symbol-icon-3d-rendering_rkjccs.jpg','$2a$10$qUtxTUn/TWKFBNavwvd3S.3bLkCpcU0Ecl6vyUvOLX1CtTZE3fFfy','ACTIVE','ROLE_STUDENT'),(2020001,'https://res.cloudinary.com/dbh8vdpi7/image/upload/v1696798063/user-profile-interface-sign-symbol-icon-3d-rendering_rkjccs.jpg','$2a$10$R1O8hsATKPCUMisYQ6YW5.oACKZR5IXlbM7q37iJj4I9PwfyULjM6','ACTIVE','ROLE_STUDENT'),(2020002,'https://res.cloudinary.com/dbh8vdpi7/image/upload/v1696798063/user-profile-interface-sign-symbol-icon-3d-rendering_rkjccs.jpg','$2a$10$5cVbJ9foDlJFQKHCEVGjYuyfbiWOKWeR/4ZLdsJtntZvXpo0s3XWW','ACTIVE','ROLE_STUDENT'),(2020003,'https://res.cloudinary.com/dbh8vdpi7/image/upload/v1696798063/user-profile-interface-sign-symbol-icon-3d-rendering_rkjccs.jpg','$2a$10$ifOwbVKlDMbVlTAms62VwuGDb1mn8s89Zfotf6Ed4WnydwAhC8bNm','ACTIVE','ROLE_STUDENT'),(2020004,'https://res.cloudinary.com/dbh8vdpi7/image/upload/v1696798063/user-profile-interface-sign-symbol-icon-3d-rendering_rkjccs.jpg','$2a$10$emIWJg3P5WKi4sny6mvzOOMT.HAx58qYHgHvaZEoo0jdQs0MThSIi','ACTIVE','ROLE_STUDENT'),(2020005,'https://res.cloudinary.com/dbh8vdpi7/image/upload/v1696798063/user-profile-interface-sign-symbol-icon-3d-rendering_rkjccs.jpg','$2a$10$qc9dSrS6Tpw9y8RjYPWmau3kIvsbI2.iH9M5.n.Ma.glEHlIj33ZG','ACTIVE','ROLE_STUDENT'),(2020006,'https://res.cloudinary.com/dbh8vdpi7/image/upload/v1696798063/user-profile-interface-sign-symbol-icon-3d-rendering_rkjccs.jpg','$2a$10$9kELcauQsMHz1AG46/2uieG7SeJLzIaUJqRz5OfWYKwrBNLMKA5Di','ACTIVE','ROLE_STUDENT'),(2020007,'https://res.cloudinary.com/dbh8vdpi7/image/upload/v1696798063/user-profile-interface-sign-symbol-icon-3d-rendering_rkjccs.jpg','$2a$10$UgiLvIx2UK8paXPRJFiU3OQHtASEPOg0ccoMjFBhEYGRf3DSvkXv6','ACTIVE','ROLE_STUDENT'),(2020008,'https://res.cloudinary.com/dbh8vdpi7/image/upload/v1696798063/user-profile-interface-sign-symbol-icon-3d-rendering_rkjccs.jpg','$2a$10$f1bYP970N9BEkOJ/18PDFOlJDcrnml4aHqYMSmE7d.vSIFXRKl5hS','ACTIVE','ROLE_STUDENT'),(2020009,'https://res.cloudinary.com/dbh8vdpi7/image/upload/v1696798063/user-profile-interface-sign-symbol-icon-3d-rendering_rkjccs.jpg','$2a$10$H8L5pwMIiDZAGg10UupZbONUjfl0yqsp1aPE5G8jF9pcsfpfcEQ1y','ACTIVE','ROLE_STUDENT'),(2020010,'https://res.cloudinary.com/dbh8vdpi7/image/upload/v1696798063/user-profile-interface-sign-symbol-icon-3d-rendering_rkjccs.jpg','$2a$10$soMGo29klL5BwPvTHPf5auE7N4kdyDHaicI/sHfG3gDD2so.p85Ny','ACTIVE','ROLE_STUDENT'),(2020011,'https://res.cloudinary.com/dbh8vdpi7/image/upload/v1696798063/user-profile-interface-sign-symbol-icon-3d-rendering_rkjccs.jpg','$2a$10$ZNeEGn.yX4n/PutkbD8/WO/XjIIaW80kLbz6qmHniOiApHX56PKxy','ACTIVE','ROLE_STUDENT'),(2020012,'https://res.cloudinary.com/dbh8vdpi7/image/upload/v1696798063/user-profile-interface-sign-symbol-icon-3d-rendering_rkjccs.jpg','$2a$10$40bbfVelhyVyo7Q18sFLtOUyk3k4tlw.42lsTpd89Gg8toNbi.QRu','ACTIVE','ROLE_STUDENT'),(2020013,'https://res.cloudinary.com/dbh8vdpi7/image/upload/v1696798063/user-profile-interface-sign-symbol-icon-3d-rendering_rkjccs.jpg','$2a$10$8dXfDiYumtJYMI0F0ecUnOpnol7ID4uGxeA8cTm1pG9vXlW.6fnze','ACTIVE','ROLE_STUDENT'),(2020014,'https://res.cloudinary.com/dbh8vdpi7/image/upload/v1696798063/user-profile-interface-sign-symbol-icon-3d-rendering_rkjccs.jpg','$2a$10$mtzXJq/lAuS9BmRCZPQ1XeCYBBvdQROR2nFzUCiaPwLswe9C3PRNy','ACTIVE','ROLE_STUDENT'),(2020015,'https://res.cloudinary.com/dbh8vdpi7/image/upload/v1696798063/user-profile-interface-sign-symbol-icon-3d-rendering_rkjccs.jpg','$2a$10$utW6I/8yotk2FqmL/FukJuN2EICRZDxDKooWRcXGJ9vATRbpgwQB2','ACTIVE','ROLE_STUDENT'),(2020016,'https://res.cloudinary.com/dbh8vdpi7/image/upload/v1696798063/user-profile-interface-sign-symbol-icon-3d-rendering_rkjccs.jpg','$2a$10$sFwPhoftoIIukPYwldEY.esCIKhewnrxLk8vshTKwalOF8ZcsjEge','ACTIVE','ROLE_STUDENT'),(2020017,'https://res.cloudinary.com/dbh8vdpi7/image/upload/v1696798063/user-profile-interface-sign-symbol-icon-3d-rendering_rkjccs.jpg','$2a$10$xH9BfJTPAKXZk25EKvKRkeNFnzQB7KbhWsI84PhtQMcGwHvtsPHIC','ACTIVE','ROLE_STUDENT'),(2020018,'https://res.cloudinary.com/dbh8vdpi7/image/upload/v1696798063/user-profile-interface-sign-symbol-icon-3d-rendering_rkjccs.jpg','$2a$10$V2nvjGc4jv1vpOi.H3MeuuUaTaRFCU.Jd4j2EzzaM8cO/8Gl5t.r6','ACTIVE','ROLE_STUDENT'),(2020019,'https://res.cloudinary.com/dbh8vdpi7/image/upload/v1696798063/user-profile-interface-sign-symbol-icon-3d-rendering_rkjccs.jpg','$2a$10$kLuHIzT.PCZfdr8tTysple.1kgPMBXAXxfA9A7Z69wV3wPj8diCDK','ACTIVE','ROLE_STUDENT'),(2020020,'https://res.cloudinary.com/dbh8vdpi7/image/upload/v1696798063/user-profile-interface-sign-symbol-icon-3d-rendering_rkjccs.jpg','$2a$10$b9RZ0wbRpMsRX7hbkRaYVeQOXNFmvyH1uZC66Rry6xPCWNqEbu/1e','ACTIVE','ROLE_STUDENT'),(2020021,'https://res.cloudinary.com/dbh8vdpi7/image/upload/v1696798063/user-profile-interface-sign-symbol-icon-3d-rendering_rkjccs.jpg','$2a$10$5XklQXtHznwAPvi1DmFGhO3xQmfDK0ekQ0dy6dHR8LfxSwc2XVPCC','ACTIVE','ROLE_STUDENT'),(2020022,'https://res.cloudinary.com/dbh8vdpi7/image/upload/v1696798063/user-profile-interface-sign-symbol-icon-3d-rendering_rkjccs.jpg','$2a$10$8273NXldvpGucizxKqS3OOop8RbODv93q3s41UuXrdQrjhDUi42JS','ACTIVE','ROLE_STUDENT'),(2020023,'https://res.cloudinary.com/dbh8vdpi7/image/upload/v1696798063/user-profile-interface-sign-symbol-icon-3d-rendering_rkjccs.jpg','$2a$10$/jVCOrbc6nrRfTVvWSCDfOlwYn1RNJeQQyeyx9NCvPcRIyPQ2.y1q','ACTIVE','ROLE_STUDENT'),(2020024,'https://res.cloudinary.com/dbh8vdpi7/image/upload/v1696798063/user-profile-interface-sign-symbol-icon-3d-rendering_rkjccs.jpg','$2a$10$oKSAFJOQQSSEYzRnIuCr5ONHQdJKl1/lSnqId9uuA96urhDHkOQW6','ACTIVE','ROLE_STUDENT'),(2020025,'https://res.cloudinary.com/dbh8vdpi7/image/upload/v1696798063/user-profile-interface-sign-symbol-icon-3d-rendering_rkjccs.jpg','$2a$10$r2SGnIgG0v3Zceaqtr.Xh.HZ3hNL/PZOx6wWBuyFXSTq4VtJPgCI.','ACTIVE','ROLE_STUDENT'),(2020026,'https://res.cloudinary.com/dbh8vdpi7/image/upload/v1696798063/user-profile-interface-sign-symbol-icon-3d-rendering_rkjccs.jpg','$2a$10$ajR5cQ8ft8dzZX2QnH52z.B90OhMu2ONy5HiJmE0MRPR0EVXMdbX2','ACTIVE','ROLE_STUDENT'),(2020027,'https://res.cloudinary.com/dbh8vdpi7/image/upload/v1696798063/user-profile-interface-sign-symbol-icon-3d-rendering_rkjccs.jpg','$2a$10$U3R4JeXcPLZX6TLN9ptx1./q8mSnl02AqOvLSDff6VZCNATDJcY8S','ACTIVE','ROLE_STUDENT'),(2020028,'https://res.cloudinary.com/dbh8vdpi7/image/upload/v1696798063/user-profile-interface-sign-symbol-icon-3d-rendering_rkjccs.jpg','$2a$10$P7iFhtXMDaRuTIPeZCentO8h8tCTFWC4Bx0FZO49HWt71V9qg5IyO','ACTIVE','ROLE_STUDENT'),(2020029,'https://res.cloudinary.com/dbh8vdpi7/image/upload/v1696798063/user-profile-interface-sign-symbol-icon-3d-rendering_rkjccs.jpg','$2a$10$e7U3gowMVpXoC/YkCAV2AOk/syCgvWAIORWpwXNux5p6kTkX6U8ka','ACTIVE','ROLE_STUDENT'),(2020030,'https://res.cloudinary.com/dbh8vdpi7/image/upload/v1696798063/user-profile-interface-sign-symbol-icon-3d-rendering_rkjccs.jpg','$2a$10$MkU8vmgwqD.S/xIcDtE.Y.ARzDeaD4p4GKyT.URJaGHR0vD8GPE.S','ACTIVE','ROLE_STUDENT'),(2020031,'https://res.cloudinary.com/dbh8vdpi7/image/upload/v1696798063/user-profile-interface-sign-symbol-icon-3d-rendering_rkjccs.jpg','$2a$10$8o2hjpaNcd85wOlHJ7UCneKbo.l2Dwe9RAh1AwblWuBY1pZe2OQRm','ACTIVE','ROLE_STUDENT'),(2020032,'https://res.cloudinary.com/dbh8vdpi7/image/upload/v1696798063/user-profile-interface-sign-symbol-icon-3d-rendering_rkjccs.jpg','$2a$10$obARVzeg7Ms73JhJ/afSr.alOJ9VWlIImghhRexyylV8/a.FOf99e','ACTIVE','ROLE_STUDENT'),(2020033,'https://res.cloudinary.com/dbh8vdpi7/image/upload/v1696798063/user-profile-interface-sign-symbol-icon-3d-rendering_rkjccs.jpg','$2a$10$SC7xqKA6VURbcqIsPX3l2ePA7CXqKBhaQyCe16wD0P/vFSHu36QK2','ACTIVE','ROLE_STUDENT'),(2020034,'https://res.cloudinary.com/dbh8vdpi7/image/upload/v1696798063/user-profile-interface-sign-symbol-icon-3d-rendering_rkjccs.jpg','$2a$10$lCKOaZL6lyhlY2Ci6PgcX.y9VA508jZxx5YdkeC/e8QC.NAgt3qfe','ACTIVE','ROLE_STUDENT'),(2020035,'https://res.cloudinary.com/dbh8vdpi7/image/upload/v1696798063/user-profile-interface-sign-symbol-icon-3d-rendering_rkjccs.jpg','$2a$10$Iul5VvIzbiBvjaHHRa5wyeOLwvmn/GliPwQc4Q0ui2xNpdzoNF9xG','ACTIVE','ROLE_STUDENT'),(2020036,'https://res.cloudinary.com/dbh8vdpi7/image/upload/v1696798063/user-profile-interface-sign-symbol-icon-3d-rendering_rkjccs.jpg','$2a$10$piQtISM7Rcnh1Hc8U84FqOPaDgCPzsy.VnrJOg6CZs/M0AJnxaipK','ACTIVE','ROLE_STUDENT'),(2020037,'https://res.cloudinary.com/dbh8vdpi7/image/upload/v1696798063/user-profile-interface-sign-symbol-icon-3d-rendering_rkjccs.jpg','$2a$10$3hha5p7nlivjJ2xq1VJP0.lpboNmD0zgKmN9h4h2sHoLhZitbB3hq','ACTIVE','ROLE_STUDENT'),(2020038,'https://res.cloudinary.com/dbh8vdpi7/image/upload/v1696798063/user-profile-interface-sign-symbol-icon-3d-rendering_rkjccs.jpg','$2a$10$bDBq2svE.P6miAMTRcF/H.5Ou3X1RTfihwqg3KhUjCj2w9d9.znfi','ACTIVE','ROLE_STUDENT'),(2020039,'https://res.cloudinary.com/dbh8vdpi7/image/upload/v1696798063/user-profile-interface-sign-symbol-icon-3d-rendering_rkjccs.jpg','$2a$10$Q8cJmz1hPGJzTsoFo6OXYOxuWYOdgqA6h.nL4sH3QGaj5cAQ78l3y','ACTIVE','ROLE_STUDENT'),(2020040,'https://res.cloudinary.com/dbh8vdpi7/image/upload/v1696798063/user-profile-interface-sign-symbol-icon-3d-rendering_rkjccs.jpg','$2a$10$1Vi/P2uNBWfHftQ5RjjRK.YimAIsuFUjzjRDsSnw0dTheWmddE/Iy','ACTIVE','ROLE_STUDENT'),(2030001,'https://res.cloudinary.com/dbh8vdpi7/image/upload/v1696798063/user-profile-interface-sign-symbol-icon-3d-rendering_rkjccs.jpg','$2a$10$8SIt4.ZzpQtvoPx6F.B3l.2FZDd8fEx.Tjso3NAgktgTmTna/kwbK','ACTIVE','ROLE_STUDENT'),(2030002,'https://res.cloudinary.com/dbh8vdpi7/image/upload/v1696798063/user-profile-interface-sign-symbol-icon-3d-rendering_rkjccs.jpg','$2a$10$.8kJnyyeO.sOl.ePXzlgSeRf4tmRec5rrejZ4rlA1u4DzTSoRrdES','ACTIVE','ROLE_STUDENT'),(2030003,'https://res.cloudinary.com/dbh8vdpi7/image/upload/v1696798063/user-profile-interface-sign-symbol-icon-3d-rendering_rkjccs.jpg','$2a$10$yP8MFreNl4nwpBqwHUYucu9op6dXVg7OHu.T2sq.f0KJATZ45pbnO','ACTIVE','ROLE_STUDENT'),(2030004,'https://res.cloudinary.com/dbh8vdpi7/image/upload/v1696798063/user-profile-interface-sign-symbol-icon-3d-rendering_rkjccs.jpg','$2a$10$iZeXOpkLej5mYSE7y9wu8udHs6cCXdqQgCriWcfl8Epzi7NKSv5We','ACTIVE','ROLE_STUDENT'),(2030005,'https://res.cloudinary.com/dbh8vdpi7/image/upload/v1696798063/user-profile-interface-sign-symbol-icon-3d-rendering_rkjccs.jpg','$2a$10$oHkZJ8O0UCint4zrWpLzbusILsOeDR6h10Bc9motxSDbfYzYLCdEC','ACTIVE','ROLE_STUDENT'),(2030006,'https://res.cloudinary.com/dbh8vdpi7/image/upload/v1696798063/user-profile-interface-sign-symbol-icon-3d-rendering_rkjccs.jpg','$2a$10$Q5I5Nc405WZCPHvQIl9DheA84uqRSe6lluyYH2rd0Q9sJcvf7d9si','ACTIVE','ROLE_STUDENT'),(2030007,'https://res.cloudinary.com/dbh8vdpi7/image/upload/v1696798063/user-profile-interface-sign-symbol-icon-3d-rendering_rkjccs.jpg','$2a$10$7cbV3.ZO4LFDmFsCnXLD2uitowhLfGBdFfa8RZeTGgWCXO3wp/p1K','ACTIVE','ROLE_STUDENT'),(2030008,'https://res.cloudinary.com/dbh8vdpi7/image/upload/v1696798063/user-profile-interface-sign-symbol-icon-3d-rendering_rkjccs.jpg','$2a$10$h8.8TYfJkiDdxDqt9zU9je/RhrlQRvehj.ue2Jo.vScE1wRATDqrS','ACTIVE','ROLE_STUDENT'),(2030009,'https://res.cloudinary.com/dbh8vdpi7/image/upload/v1696798063/user-profile-interface-sign-symbol-icon-3d-rendering_rkjccs.jpg','$2a$10$CMrovETWaw7UkeikkY8Bb.QAVnZFMaW.9y4SuRZOE6Zfhvzza2dlm','ACTIVE','ROLE_STUDENT'),(2030010,'https://res.cloudinary.com/dbh8vdpi7/image/upload/v1696798063/user-profile-interface-sign-symbol-icon-3d-rendering_rkjccs.jpg','$2a$10$zoGSCdUeVTVrwrcJjozJBOCV0G4OXcXZwN0eERm90GUcJXt3Xck8u','ACTIVE','ROLE_STUDENT'),(2030011,'https://res.cloudinary.com/dbh8vdpi7/image/upload/v1696798063/user-profile-interface-sign-symbol-icon-3d-rendering_rkjccs.jpg','$2a$10$Ogp8rJ2bpyvTC0kmNDxOv.LLBLI4xaF0.xpGIGryeY9gt7OC/q0gC','ACTIVE','ROLE_STUDENT'),(2030012,'https://res.cloudinary.com/dbh8vdpi7/image/upload/v1696798063/user-profile-interface-sign-symbol-icon-3d-rendering_rkjccs.jpg','$2a$10$lHvOwz9wYhVOaIAHCe04MOtDTedOodWfUp0GMyBS2yj54ekvnVsZS','ACTIVE','ROLE_STUDENT'),(2030013,'https://res.cloudinary.com/dbh8vdpi7/image/upload/v1696798063/user-profile-interface-sign-symbol-icon-3d-rendering_rkjccs.jpg','$2a$10$sVdkOrXPG4LgdFVFSUBSfugENX7hpwwIdpCd53qcStDRmMSTEPSAC','ACTIVE','ROLE_STUDENT'),(2030014,'https://res.cloudinary.com/dbh8vdpi7/image/upload/v1696798063/user-profile-interface-sign-symbol-icon-3d-rendering_rkjccs.jpg','$2a$10$YnislUVn60/0CbyMgnWIr.L63L0W9qnd208TltECtCbHSZJuPUnUG','ACTIVE','ROLE_STUDENT'),(2030015,'https://res.cloudinary.com/dbh8vdpi7/image/upload/v1696798063/user-profile-interface-sign-symbol-icon-3d-rendering_rkjccs.jpg','$2a$10$2QT9vSwIDXcHCdItfaz3AuyvhHnLDddi6X7hIBjHMYLlBfQU4sPx2','ACTIVE','ROLE_STUDENT'),(2030016,'https://res.cloudinary.com/dbh8vdpi7/image/upload/v1696798063/user-profile-interface-sign-symbol-icon-3d-rendering_rkjccs.jpg','$2a$10$QjwRLd0nO0A8YdwW8wRw5OlECdu5nzMTXiUkI7sJYaFdT265BhLOy','ACTIVE','ROLE_STUDENT'),(2030017,'https://res.cloudinary.com/dbh8vdpi7/image/upload/v1696798063/user-profile-interface-sign-symbol-icon-3d-rendering_rkjccs.jpg','$2a$10$2ZoXVUnK5oDuPgtDv3yaTee1kXjzTmUSg09eTFqWiVUMwCjCGOmYK','ACTIVE','ROLE_STUDENT'),(2030018,'https://res.cloudinary.com/dbh8vdpi7/image/upload/v1696798063/user-profile-interface-sign-symbol-icon-3d-rendering_rkjccs.jpg','$2a$10$a/HzqdixBWa4LuM4FtGmkeDQ33IcEQ6GZyQaTUJsu2cKPcWY1ZBaW','ACTIVE','ROLE_STUDENT'),(2030019,'https://res.cloudinary.com/dbh8vdpi7/image/upload/v1696798063/user-profile-interface-sign-symbol-icon-3d-rendering_rkjccs.jpg','$2a$10$lUoCCp/YpN.L8jZu5pIA8.2KJk7UJShIwcKDMzDnkVR8W48wE74bK','ACTIVE','ROLE_STUDENT'),(2030020,'https://res.cloudinary.com/dbh8vdpi7/image/upload/v1696798063/user-profile-interface-sign-symbol-icon-3d-rendering_rkjccs.jpg','$2a$10$kdJUpuyfuaWyveQwxARyEut04lT69fZQi35E.vZjEa/D8gHtgGiOG','ACTIVE','ROLE_STUDENT'),(2040001,'https://res.cloudinary.com/dbh8vdpi7/image/upload/v1696798063/user-profile-interface-sign-symbol-icon-3d-rendering_rkjccs.jpg','$2a$10$pbgj8exX1T1D54D0tiM3wuKh0htXdluFTSu0WcXP1MKcW9rx0jUhy','ACTIVE','ROLE_STUDENT'),(2040002,'https://res.cloudinary.com/dbh8vdpi7/image/upload/v1696798063/user-profile-interface-sign-symbol-icon-3d-rendering_rkjccs.jpg','$2a$10$iAPgOSwy72JpEdwybE6mjuE4uUc6RPWQ9qm43brhOsbvmduYF8Ocy','ACTIVE','ROLE_STUDENT'),(2040003,'https://res.cloudinary.com/dbh8vdpi7/image/upload/v1696798063/user-profile-interface-sign-symbol-icon-3d-rendering_rkjccs.jpg','$2a$10$mPw8kQPX4LTNy8fwfi2NAuyEZWOqAcT3CI816RpA.iGgwiZ1wHCZS','ACTIVE','ROLE_STUDENT'),(2040004,'https://res.cloudinary.com/dbh8vdpi7/image/upload/v1696798063/user-profile-interface-sign-symbol-icon-3d-rendering_rkjccs.jpg','$2a$10$5GLuLFLvezeLm/tiJHUrAu02C7Sy7CK2xreUqOnsM/vzcl7Ixze82','ACTIVE','ROLE_STUDENT'),(2040005,'https://res.cloudinary.com/dbh8vdpi7/image/upload/v1696798063/user-profile-interface-sign-symbol-icon-3d-rendering_rkjccs.jpg','$2a$10$SCr8xdBRXxO2DHyXEFkuuudd/JnzMLpm6aG97Q8jN7sNMqsNQ.Cju','ACTIVE','ROLE_STUDENT'),(2040006,'https://res.cloudinary.com/dbh8vdpi7/image/upload/v1696798063/user-profile-interface-sign-symbol-icon-3d-rendering_rkjccs.jpg','$2a$10$LrvMZJbujY7o2oyr1FydeewoyypLl1beHZjPgGRGa83HOieClnzbi','ACTIVE','ROLE_STUDENT'),(2040007,'https://res.cloudinary.com/dbh8vdpi7/image/upload/v1696798063/user-profile-interface-sign-symbol-icon-3d-rendering_rkjccs.jpg','$2a$10$2btOfrF1kmSIKoJexlN7Ye0yIBO9v6RkMsqxoyb0pggZwXbjklBdu','ACTIVE','ROLE_STUDENT'),(2040008,'https://res.cloudinary.com/dbh8vdpi7/image/upload/v1696798063/user-profile-interface-sign-symbol-icon-3d-rendering_rkjccs.jpg','$2a$10$bB9feGSnZBVxhRvQ.i7Bbu38pIhT4Dq5p..zKIclkLh9H9zvzg9U.','ACTIVE','ROLE_STUDENT'),(2040009,'https://res.cloudinary.com/dbh8vdpi7/image/upload/v1696798063/user-profile-interface-sign-symbol-icon-3d-rendering_rkjccs.jpg','$2a$10$L2E9gvuIaTrNIEoyKYU52uIMjN64R16mNNdu/Z8wcLq3vmr0k1EKW','ACTIVE','ROLE_STUDENT'),(2040010,'https://res.cloudinary.com/dbh8vdpi7/image/upload/v1696798063/user-profile-interface-sign-symbol-icon-3d-rendering_rkjccs.jpg','$2a$10$sc9VHxCrLvQPcBWUWQGdjeLFIa.0RHItua8Kkno5hChIFHHAz8Jay','ACTIVE','ROLE_STUDENT'),(2040011,'https://res.cloudinary.com/dbh8vdpi7/image/upload/v1696798063/user-profile-interface-sign-symbol-icon-3d-rendering_rkjccs.jpg','$2a$10$ZF9aKJLwu7LOjhj7/6hAuu1vHXnmZPhKckoRBFh6YMEu2KrweGO6W','ACTIVE','ROLE_STUDENT'),(2040012,'https://res.cloudinary.com/dbh8vdpi7/image/upload/v1696798063/user-profile-interface-sign-symbol-icon-3d-rendering_rkjccs.jpg','$2a$10$9vYDcvLRZG1RAy9ZqydDJe27ljEOuE26zaweBaC0k3uhPXLVfG7Bq','ACTIVE','ROLE_STUDENT'),(2040013,'https://res.cloudinary.com/dbh8vdpi7/image/upload/v1696798063/user-profile-interface-sign-symbol-icon-3d-rendering_rkjccs.jpg','$2a$10$m6dwCj5qfOh4NyBNNQ8PWuOBhldmsd57BkD4lC.BC2ICe2spadPlq','ACTIVE','ROLE_STUDENT'),(2040014,'https://res.cloudinary.com/dbh8vdpi7/image/upload/v1696798063/user-profile-interface-sign-symbol-icon-3d-rendering_rkjccs.jpg','$2a$10$Zk0R6oB19AJyeL3HyeObauGKX1a/MjOiQ0xR5cq5tOrfF/H40KdR.','ACTIVE','ROLE_STUDENT'),(2040015,'https://res.cloudinary.com/dbh8vdpi7/image/upload/v1696798063/user-profile-interface-sign-symbol-icon-3d-rendering_rkjccs.jpg','$2a$10$/0.osf8bE.jaxwFixX9kaOuytGYT8sMLyycK8.Vh0OCNYVITUWme2','ACTIVE','ROLE_STUDENT'),(2040016,'https://res.cloudinary.com/dbh8vdpi7/image/upload/v1696798063/user-profile-interface-sign-symbol-icon-3d-rendering_rkjccs.jpg','$2a$10$TXExHAcdmj0AYef62E0wOedTQpjRtCwH6mLJwbE.1KD.z.qYkDO/2','ACTIVE','ROLE_STUDENT'),(2040017,'https://res.cloudinary.com/dbh8vdpi7/image/upload/v1696798063/user-profile-interface-sign-symbol-icon-3d-rendering_rkjccs.jpg','$2a$10$pKs1/yBHYPrReve63Mkuie3LV0n10fqT/ylwuBloaRA7ArYnS7uH.','ACTIVE','ROLE_STUDENT'),(2040018,'https://res.cloudinary.com/dbh8vdpi7/image/upload/v1696798063/user-profile-interface-sign-symbol-icon-3d-rendering_rkjccs.jpg','$2a$10$qBf985RKr7BdYFoz0219uuKWpYIygpyaW2DVb12u7Y14xfNaxJN0u','ACTIVE','ROLE_STUDENT'),(2040019,'https://res.cloudinary.com/dbh8vdpi7/image/upload/v1696798063/user-profile-interface-sign-symbol-icon-3d-rendering_rkjccs.jpg','$2a$10$Y1msS79DDMwNGRXvmI2XsOyBW.4wQ/KsadYWQ6tb7UVofe.ufSYL.','ACTIVE','ROLE_STUDENT'),(2040020,'https://res.cloudinary.com/dbh8vdpi7/image/upload/v1696798063/user-profile-interface-sign-symbol-icon-3d-rendering_rkjccs.jpg','$2a$10$t2qv0S3KiO3Z3hE7bkxcfeeMQY2DOLMlpTWj0NWGGFk7x.4PPvj36','ACTIVE','ROLE_STUDENT'),(2040021,'https://res.cloudinary.com/dbh8vdpi7/image/upload/v1696798063/user-profile-interface-sign-symbol-icon-3d-rendering_rkjccs.jpg','$2a$10$XNT7W3tLH/SoyU7RF/e6Tenq3DpdgsUY2XR5XcpgQFDv2obnYxANC','ACTIVE','ROLE_STUDENT'),(2040022,'https://res.cloudinary.com/dbh8vdpi7/image/upload/v1696798063/user-profile-interface-sign-symbol-icon-3d-rendering_rkjccs.jpg','$2a$10$S89Zo8vcDoxiLoYbW04wuOUP6tDNgEoY4BfxIFIf1uK0XiaTpd7eW','ACTIVE','ROLE_STUDENT'),(2040023,'https://res.cloudinary.com/dbh8vdpi7/image/upload/v1696798063/user-profile-interface-sign-symbol-icon-3d-rendering_rkjccs.jpg','$2a$10$j4.OcjAHAGVh.S7Kx46jiO0ouX3Y6OlEfTcBO3R5kkGS709QPtV..','ACTIVE','ROLE_STUDENT'),(2040024,'https://res.cloudinary.com/dbh8vdpi7/image/upload/v1696798063/user-profile-interface-sign-symbol-icon-3d-rendering_rkjccs.jpg','$2a$10$XfXVQX/Mx/aJxmHY7vezTe0crzVSHcJWMeTyvW6xqVwOLv38AHMNW','ACTIVE','ROLE_STUDENT'),(2040025,'https://res.cloudinary.com/dbh8vdpi7/image/upload/v1696798063/user-profile-interface-sign-symbol-icon-3d-rendering_rkjccs.jpg','$2a$10$gsOv5gtZnIxPNywm5cLoQOP9EHp1LnnfSVsTgrKisZ5gQ7lMZn/Ry','ACTIVE','ROLE_STUDENT'),(2040026,'https://res.cloudinary.com/dbh8vdpi7/image/upload/v1696798063/user-profile-interface-sign-symbol-icon-3d-rendering_rkjccs.jpg','$2a$10$E5QyLBb8mgMRRQAllFgqs.vPgFMKL5ZPg.sbtN9c6pJsCPrmVFR2q','ACTIVE','ROLE_STUDENT'),(2040027,'https://res.cloudinary.com/dbh8vdpi7/image/upload/v1696798063/user-profile-interface-sign-symbol-icon-3d-rendering_rkjccs.jpg','$2a$10$eITqvN0.Kutt57V3HeF/4eoEG3Xj2mBxQbTz3TOzhd.kYV1D9cHL.','ACTIVE','ROLE_STUDENT'),(2040028,'https://res.cloudinary.com/dbh8vdpi7/image/upload/v1696798063/user-profile-interface-sign-symbol-icon-3d-rendering_rkjccs.jpg','$2a$10$xilBlktV6PsR8uWEEhQ5..OwsuK/0QOFvnGj0BePqUoEDwMzOg.HG','ACTIVE','ROLE_STUDENT'),(2040029,'https://res.cloudinary.com/dbh8vdpi7/image/upload/v1696798063/user-profile-interface-sign-symbol-icon-3d-rendering_rkjccs.jpg','$2a$10$1ARhrFIZ80b41YiTGzmuZeB.JZT06AZyjDzDByln4zokXnIn96k92','ACTIVE','ROLE_STUDENT'),(2040030,'https://res.cloudinary.com/dbh8vdpi7/image/upload/v1696798063/user-profile-interface-sign-symbol-icon-3d-rendering_rkjccs.jpg','$2a$10$/ae/DIJUyUhodRTdkhJAYOOUe1NR8w1fVx1VnQsOiqLQxCvv0ajCG','ACTIVE','ROLE_STUDENT'),(2050001,'https://res.cloudinary.com/dbh8vdpi7/image/upload/v1696798063/user-profile-interface-sign-symbol-icon-3d-rendering_rkjccs.jpg','$2a$10$lsJe4XuD7XD/cd6VznCZVOQPXIzNOb6v63Eu6TCCS9XjvL/QwL7MK','ACTIVE','ROLE_STUDENT'),(2050002,'https://res.cloudinary.com/dbh8vdpi7/image/upload/v1696798063/user-profile-interface-sign-symbol-icon-3d-rendering_rkjccs.jpg','$2a$10$CXJGjvIRIVlymEr9JWxjueH.7PZ5AGHmvYN2625PbD1mimDzgYQ9S','ACTIVE','ROLE_STUDENT'),(2050003,'https://res.cloudinary.com/dbh8vdpi7/image/upload/v1696798063/user-profile-interface-sign-symbol-icon-3d-rendering_rkjccs.jpg','$2a$10$CEyST3XyqS5zUSgDSHxYiuQIgV9.2szmgFglMY8xAWIgLL.AJ5t7e','ACTIVE','ROLE_STUDENT'),(2050004,'https://res.cloudinary.com/dbh8vdpi7/image/upload/v1696798063/user-profile-interface-sign-symbol-icon-3d-rendering_rkjccs.jpg','$2a$10$o2qglOvSPk8/1QTSnIGMEu/y9.iV8Z63wYMIHxBgaL6AS/ZHnFM3O','ACTIVE','ROLE_STUDENT'),(2050005,'https://res.cloudinary.com/dbh8vdpi7/image/upload/v1696798063/user-profile-interface-sign-symbol-icon-3d-rendering_rkjccs.jpg','$2a$10$MzeIr5cmy0I7kTP6nkHCm.vFbPBlObumy6Jw5i99qJSigvAxSalnW','ACTIVE','ROLE_STUDENT'),(2050006,'https://res.cloudinary.com/dbh8vdpi7/image/upload/v1696798063/user-profile-interface-sign-symbol-icon-3d-rendering_rkjccs.jpg','$2a$10$HUrmKoRhQHrVuC.Df9hAVOCBANSFKNUbnHvftAzzTjDhkYV/kay0S','ACTIVE','ROLE_STUDENT'),(2050007,'https://res.cloudinary.com/dbh8vdpi7/image/upload/v1696798063/user-profile-interface-sign-symbol-icon-3d-rendering_rkjccs.jpg','$2a$10$cUOe0HgfT0sjD40OuZMLTOUUvvvTnluBxv3Uhug9bMFtTTAWudo9.','ACTIVE','ROLE_STUDENT'),(2050008,'https://res.cloudinary.com/dbh8vdpi7/image/upload/v1696798063/user-profile-interface-sign-symbol-icon-3d-rendering_rkjccs.jpg','$2a$10$AH/IU7kcYWO5stNjv.Fk8ulHmR7lW0Sf/Kv9eCt9jb5ieBoX8.T9u','ACTIVE','ROLE_STUDENT'),(2050009,'https://res.cloudinary.com/dbh8vdpi7/image/upload/v1696798063/user-profile-interface-sign-symbol-icon-3d-rendering_rkjccs.jpg','$2a$10$9G4a/lWsmukmwYJAJ3akw.DOf5NcFPZCUhz.pzQnlcF5K0uC7MAQW','ACTIVE','ROLE_STUDENT'),(2050010,'https://res.cloudinary.com/dbh8vdpi7/image/upload/v1696798063/user-profile-interface-sign-symbol-icon-3d-rendering_rkjccs.jpg','$2a$10$81cOrHQXMTQu8jpZw5gB8ewBdWUu/UFjanEM/aaCz.3mV1vwxBV.C','ACTIVE','ROLE_STUDENT'),(2050011,'https://res.cloudinary.com/dbh8vdpi7/image/upload/v1696798063/user-profile-interface-sign-symbol-icon-3d-rendering_rkjccs.jpg','$2a$10$uWKFyoUuUn3cSq1sv1ZnU.PgoCJsRKT3lhsul8ZW7OhwxpqTXOlpK','ACTIVE','ROLE_STUDENT'),(2050012,'https://res.cloudinary.com/dbh8vdpi7/image/upload/v1696798063/user-profile-interface-sign-symbol-icon-3d-rendering_rkjccs.jpg','$2a$10$u2RXFCQ0RKInTQGvy0VoceHvnpArv0QTCESBnnia5u73dT3Tanhyq','ACTIVE','ROLE_STUDENT'),(2050013,'https://res.cloudinary.com/dbh8vdpi7/image/upload/v1696798063/user-profile-interface-sign-symbol-icon-3d-rendering_rkjccs.jpg','$2a$10$Imo6E4JBwzKzKV3feSJop.OOgDksZMalmQYdJ652i4XQ4fdabtTPC','ACTIVE','ROLE_STUDENT'),(2050014,'https://res.cloudinary.com/dbh8vdpi7/image/upload/v1696798063/user-profile-interface-sign-symbol-icon-3d-rendering_rkjccs.jpg','$2a$10$1ntVWyN3zpnxFXe4ahr3p.D5ysr4IGc0.KnLvN3wTwCDaY5LQhcXO','ACTIVE','ROLE_STUDENT'),(2050015,'https://res.cloudinary.com/dbh8vdpi7/image/upload/v1696798063/user-profile-interface-sign-symbol-icon-3d-rendering_rkjccs.jpg','$2a$10$hmJzqXuWEA4CG.5W1V27H.miFlgAAffn.9rbSzisYmcA7Q5ucP39y','ACTIVE','ROLE_STUDENT'),(2050016,'https://res.cloudinary.com/dbh8vdpi7/image/upload/v1696798063/user-profile-interface-sign-symbol-icon-3d-rendering_rkjccs.jpg','$2a$10$T6PSj10.Kc8s31/2GFIXrenKNxPXB8rUtxZWnEiuxhMGgKg7cVpqO','ACTIVE','ROLE_STUDENT'),(2050017,'https://res.cloudinary.com/dbh8vdpi7/image/upload/v1696798063/user-profile-interface-sign-symbol-icon-3d-rendering_rkjccs.jpg','$2a$10$Ief5uV/icG6yxwEmbAZyW.p3MTMQUNb0LmEv4y7ps4x6RcefZhESq','ACTIVE','ROLE_STUDENT'),(2050018,'https://res.cloudinary.com/dbh8vdpi7/image/upload/v1696798063/user-profile-interface-sign-symbol-icon-3d-rendering_rkjccs.jpg','$2a$10$CZ8GmFHiWQ.C4ZkQjfHM7OmkfUxJ1NyeasqWUJLQabkp6k0RVCEBK','ACTIVE','ROLE_STUDENT'),(2050019,'https://res.cloudinary.com/dbh8vdpi7/image/upload/v1696798063/user-profile-interface-sign-symbol-icon-3d-rendering_rkjccs.jpg','$2a$10$tCGUpfLCO/NHo4i6rcmzm.yw5I8ECEBsEicV0Ys/gdXY3fL8PQPpG','ACTIVE','ROLE_STUDENT'),(2050020,'https://res.cloudinary.com/dbh8vdpi7/image/upload/v1696798063/user-profile-interface-sign-symbol-icon-3d-rendering_rkjccs.jpg','$2a$10$gC.qoFqRNboa.UAv2lFcLeFvQ.F7fkhtwvLrlh3/J6xwPlPJxHeDS','ACTIVE','ROLE_STUDENT'),(2050021,'https://res.cloudinary.com/dbh8vdpi7/image/upload/v1696798063/user-profile-interface-sign-symbol-icon-3d-rendering_rkjccs.jpg','$2a$10$CpVBu.blwyFcQl6AyCNtCu6Ts4YcgWpuS7PdqiL0REoZRRt5xp7uC','ACTIVE','ROLE_STUDENT'),(2050022,'https://res.cloudinary.com/dbh8vdpi7/image/upload/v1696798063/user-profile-interface-sign-symbol-icon-3d-rendering_rkjccs.jpg','$2a$10$VAcWfHojJZDha98ayOMsfeUCHZebPRACjDuIKP/ekv2EGs9supO0.','ACTIVE','ROLE_STUDENT'),(2050023,'https://res.cloudinary.com/dbh8vdpi7/image/upload/v1696798063/user-profile-interface-sign-symbol-icon-3d-rendering_rkjccs.jpg','$2a$10$TPC.c1pufgsEhZXMOUPVcef8hEZC.pJP09OX72fXA5gFwtLikktAW','ACTIVE','ROLE_STUDENT'),(2050024,'https://res.cloudinary.com/dbh8vdpi7/image/upload/v1696798063/user-profile-interface-sign-symbol-icon-3d-rendering_rkjccs.jpg','$2a$10$MOqKvhHoNLIWoPdz6oc8zu0JXk9dwdaSs6hl08VMU24M4Qkj0hhzS','ACTIVE','ROLE_STUDENT'),(2050025,'https://res.cloudinary.com/dbh8vdpi7/image/upload/v1696798063/user-profile-interface-sign-symbol-icon-3d-rendering_rkjccs.jpg','$2a$10$M26BxBjPIT/6OrEjVa9qeeAU74ASeHniZep25FNmrmDatnzwi2Epe','ACTIVE','ROLE_STUDENT'),(2050026,'https://res.cloudinary.com/dbh8vdpi7/image/upload/v1696798063/user-profile-interface-sign-symbol-icon-3d-rendering_rkjccs.jpg','$2a$10$wnHxpmoMxfiM3kAxQKsZBOGkIXwZ8GkKLE7zD/Z46OQ2cB5jOubm6','ACTIVE','ROLE_STUDENT'),(2050027,'https://res.cloudinary.com/dbh8vdpi7/image/upload/v1696798063/user-profile-interface-sign-symbol-icon-3d-rendering_rkjccs.jpg','$2a$10$AfvIWjeYTQ4VF8Bu8gu03u67VS7DxqV3VjSgmSEdVFBzkU4vsOALi','ACTIVE','ROLE_STUDENT'),(2050028,'https://res.cloudinary.com/dbh8vdpi7/image/upload/v1696798063/user-profile-interface-sign-symbol-icon-3d-rendering_rkjccs.jpg','$2a$10$lAQeKWH4Fj.tHXe70.1jkuSQJeMjIk3Y9sPfQizEfnlsWBqSULaJi','ACTIVE','ROLE_STUDENT'),(2050029,'https://res.cloudinary.com/dbh8vdpi7/image/upload/v1696798063/user-profile-interface-sign-symbol-icon-3d-rendering_rkjccs.jpg','$2a$10$wmZ1FDhxQLjcFgyIlRkQle5X5.bpUielbtSY2mpgZGN2skZGMBKE.','ACTIVE','ROLE_STUDENT'),(2050030,'https://res.cloudinary.com/dbh8vdpi7/image/upload/v1696798063/user-profile-interface-sign-symbol-icon-3d-rendering_rkjccs.jpg','$2a$10$wFy1Iq6Obw1Ve.Qsa4Nvv./v8Y20rg3DUBPq7QeaD9QtvAo2Lq8Si','ACTIVE','ROLE_STUDENT'),(3010001,'https://res.cloudinary.com/dbh8vdpi7/image/upload/v1696798063/user-profile-interface-sign-symbol-icon-3d-rendering_rkjccs.jpg','$2a$10$.h0C4y8o2BduuDMZ49hehusGUDuFUPtnHlO48WSJY7n4QFueyaSZ.','ACTIVE','ROLE_TEACHER'),(3010002,'https://res.cloudinary.com/dbh8vdpi7/image/upload/v1696798063/user-profile-interface-sign-symbol-icon-3d-rendering_rkjccs.jpg','$2a$10$TFN9KQi5UobwkNNfibaF9e3ZjlBJuiIKdqz7RUe/yDk8w3Nt0fdwO','ACTIVE','ROLE_TEACHER'),(3010003,'https://res.cloudinary.com/dbh8vdpi7/image/upload/v1696798063/user-profile-interface-sign-symbol-icon-3d-rendering_rkjccs.jpg','$2a$10$DM6PKizVQqsGXhzhBiIiJ.Cp7naqjcMbXtE6YnR0aS4PKbEfI4hTm','ACTIVE','ROLE_TEACHER'),(3010004,'https://res.cloudinary.com/dbh8vdpi7/image/upload/v1696798063/user-profile-interface-sign-symbol-icon-3d-rendering_rkjccs.jpg','$2a$10$QAwUVdHv3.IrPQFmdKcUV.n9t1N7TS72T/pbYoS06z4vgXo.RSfIm','ACTIVE','ROLE_TEACHER'),(3010005,'https://res.cloudinary.com/dbh8vdpi7/image/upload/v1696798063/user-profile-interface-sign-symbol-icon-3d-rendering_rkjccs.jpg','$2a$10$lKyEqjgl3tOl8JNHaVl6d.zhcd3RDJJhN0Z.zJhX3d7U4/7DvhVm2','ACTIVE','ROLE_TEACHER'),(3020001,'https://res.cloudinary.com/dbh8vdpi7/image/upload/v1696798063/user-profile-interface-sign-symbol-icon-3d-rendering_rkjccs.jpg','$2a$10$eqL6uV0HlPn/g1nDWXIEPev9iGNF5k/tzy2oft8rQzvWyFT1sfVBe','ACTIVE','ROLE_TEACHER'),(3020002,'https://res.cloudinary.com/dbh8vdpi7/image/upload/v1696798063/user-profile-interface-sign-symbol-icon-3d-rendering_rkjccs.jpg','$2a$10$R.kpx25aU6LMikxU/kqNFuJTDcBTzpi5uVpT1HF3U5GhjOZfb0HtC','ACTIVE','ROLE_TEACHER'),(3020003,'https://res.cloudinary.com/dbh8vdpi7/image/upload/v1696798063/user-profile-interface-sign-symbol-icon-3d-rendering_rkjccs.jpg','$2a$10$eKXE9YZRCEWUyNC9d0S6Ju1whH1WR/Sngr2i.b9IDt5Tt1.ay3cRu','ACTIVE','ROLE_TEACHER'),(3020004,'https://res.cloudinary.com/dbh8vdpi7/image/upload/v1696798063/user-profile-interface-sign-symbol-icon-3d-rendering_rkjccs.jpg','$2a$10$BLngl673dzZe2GU/Cl/sp.FwA3NPxY2t9eAPEUFz9AobJj13nf3sy','ACTIVE','ROLE_TEACHER'),(3020005,'https://res.cloudinary.com/dbh8vdpi7/image/upload/v1696798063/user-profile-interface-sign-symbol-icon-3d-rendering_rkjccs.jpg','$2a$10$7fraC.AP7uHbXrt6pXbfPu99iMhpsr0IU.FU6ZELcVwu7J3TcVqyq','ACTIVE','ROLE_TEACHER'),(3030001,'https://res.cloudinary.com/dbh8vdpi7/image/upload/v1696798063/user-profile-interface-sign-symbol-icon-3d-rendering_rkjccs.jpg','$2a$10$kdZ1xwwpO3WxS04vFDgl6eh0W.M6qyY7DJ7lSMYUGZXC7GjEDRHNK','ACTIVE','ROLE_TEACHER'),(3030002,'https://res.cloudinary.com/dbh8vdpi7/image/upload/v1696798063/user-profile-interface-sign-symbol-icon-3d-rendering_rkjccs.jpg','$2a$10$8zDCKJQF5d1Pq3TJXzDWD.62M24f.QaYXL7rCqjzquNX/iV.KFC/q','ACTIVE','ROLE_TEACHER'),(3030003,'https://res.cloudinary.com/dbh8vdpi7/image/upload/v1696798063/user-profile-interface-sign-symbol-icon-3d-rendering_rkjccs.jpg','$2a$10$e9mxhA1niYuB6oT1WltQ/e2ZCsAtR4s0ttW.4jfWoqUJUM0e.Wjhy','ACTIVE','ROLE_TEACHER'),(3030004,'https://res.cloudinary.com/dbh8vdpi7/image/upload/v1696798063/user-profile-interface-sign-symbol-icon-3d-rendering_rkjccs.jpg','$2a$10$AYcPGVukczlndT55Wg/07eBOLOREOUZ61b9NWDUdZuUqqYlxzDNIG','ACTIVE','ROLE_TEACHER'),(3030005,'https://res.cloudinary.com/dbh8vdpi7/image/upload/v1696798063/user-profile-interface-sign-symbol-icon-3d-rendering_rkjccs.jpg','$2a$10$4BniEnkELwUXwMOKCpTLYe3dqEZk5CvtwGiwTSHnj59B.oTB/VllG','ACTIVE','ROLE_TEACHER'),(3040001,'https://res.cloudinary.com/dbh8vdpi7/image/upload/v1696798063/user-profile-interface-sign-symbol-icon-3d-rendering_rkjccs.jpg','$2a$10$x0RDWZvqYrQS/Tp2M.kkAegooGJrJAHQH9aN669p3vcHKqSK4LRpS','ACTIVE','ROLE_TEACHER'),(3040002,'https://res.cloudinary.com/dbh8vdpi7/image/upload/v1696798063/user-profile-interface-sign-symbol-icon-3d-rendering_rkjccs.jpg','$2a$10$iHQeb1.gljmEs9d5e1cnNeAo6HcbRJIJOdiVTlnwsn8E.Ttwbqoxy','ACTIVE','ROLE_TEACHER'),(3040003,'https://res.cloudinary.com/dbh8vdpi7/image/upload/v1696798063/user-profile-interface-sign-symbol-icon-3d-rendering_rkjccs.jpg','$2a$10$rJP/23AMz4/eS7UsrgoALOrP9l7NCK7JMajPODllbX7riiI4v4h2q','ACTIVE','ROLE_TEACHER'),(3040004,'https://res.cloudinary.com/dbh8vdpi7/image/upload/v1696798063/user-profile-interface-sign-symbol-icon-3d-rendering_rkjccs.jpg','$2a$10$Q3q2cWteE1kPqN.Quezfp.XeD/l64v61lUqvIxGaHD.WXnn3RM0Gy','ACTIVE','ROLE_TEACHER'),(3040005,'https://res.cloudinary.com/dbh8vdpi7/image/upload/v1696798063/user-profile-interface-sign-symbol-icon-3d-rendering_rkjccs.jpg','$2a$10$U3c4xUltO.CfGtL4Q/gofO5NKp.4bRrFLJVwkUHyYaLFf6pgkciLK','ACTIVE','ROLE_TEACHER'),(3050001,'https://res.cloudinary.com/dbh8vdpi7/image/upload/v1696798063/user-profile-interface-sign-symbol-icon-3d-rendering_rkjccs.jpg','$2a$10$yyFes1mzmwlODxY.eOTiu.eeq5W8hI7s0QiIUfNiXWBSz6sZ/Wwf6','ACTIVE','ROLE_TEACHER'),(3050002,'https://res.cloudinary.com/dbh8vdpi7/image/upload/v1696798063/user-profile-interface-sign-symbol-icon-3d-rendering_rkjccs.jpg','$2a$10$KVbH8zyKnd0lpQcU5yXJeeFK9UXRyCKZ2qKqVxPNzx6mBIDkc8PQa','ACTIVE','ROLE_TEACHER'),(3050003,'https://res.cloudinary.com/dbh8vdpi7/image/upload/v1696798063/user-profile-interface-sign-symbol-icon-3d-rendering_rkjccs.jpg','$2a$10$y46s.4S.tzzznlnFpghjK.h1Nh7d1bfVFUPE0GqlghwY7wBM7nwGa','ACTIVE','ROLE_TEACHER'),(3050004,'https://res.cloudinary.com/dbh8vdpi7/image/upload/v1696798063/user-profile-interface-sign-symbol-icon-3d-rendering_rkjccs.jpg','$2a$10$12C74GsbbEK/C2VxxPvYnuPjsJW5YSMKUhHmGWD9U/8o4RcP/dcNm','ACTIVE','ROLE_TEACHER'),(3050005,'https://res.cloudinary.com/dbh8vdpi7/image/upload/v1696798063/user-profile-interface-sign-symbol-icon-3d-rendering_rkjccs.jpg','$2a$10$afMxVGEYKvqLHdXQ0edbn.Qdxy61eSAzwW6/R5AwbTqEFXFULiMHq','ACTIVE','ROLE_TEACHER'),(3060001,'https://res.cloudinary.com/dbh8vdpi7/image/upload/v1696798063/user-profile-interface-sign-symbol-icon-3d-rendering_rkjccs.jpg','$2a$10$f723MlqW6prv96XKH3mUPuQ05zGpBd/qXhuq8RaL326RmJqwlxZ/C','ACTIVE','ROLE_TEACHER'),(3060002,'https://res.cloudinary.com/dbh8vdpi7/image/upload/v1696798063/user-profile-interface-sign-symbol-icon-3d-rendering_rkjccs.jpg','$2a$10$Crof3cE4A5P9LjYnt2CZN.l0vNHhksTgjzv8WYi1E1V4MKvpbV2wW','ACTIVE','ROLE_TEACHER'),(3060003,'https://res.cloudinary.com/dbh8vdpi7/image/upload/v1696798063/user-profile-interface-sign-symbol-icon-3d-rendering_rkjccs.jpg','$2a$10$iW8/Nnrw4zr/yDru.7nuh.eWDgy6aRzB3QN/xrNYvfp2JISyuYmru','ACTIVE','ROLE_TEACHER'),(3060004,'https://res.cloudinary.com/dbh8vdpi7/image/upload/v1696798063/user-profile-interface-sign-symbol-icon-3d-rendering_rkjccs.jpg','$2a$10$.PVBp9DETWJ0YgcEJ80Yrul/B92jhrycdYOfyWOWlxJK754.EQPIe','ACTIVE','ROLE_TEACHER'),(3060005,'https://res.cloudinary.com/dbh8vdpi7/image/upload/v1696798063/user-profile-interface-sign-symbol-icon-3d-rendering_rkjccs.jpg','$2a$10$lIYzyeRo2dBN/6z5j3x1TO/fUl3vceaDYfJOC7OhKqpGxOwU1dE..','ACTIVE','ROLE_TEACHER'),(3070001,'https://res.cloudinary.com/dbh8vdpi7/image/upload/v1696798063/user-profile-interface-sign-symbol-icon-3d-rendering_rkjccs.jpg','$2a$10$yRaV.h9xLc9R2OCteGaSve0xH2xskJReQd3p3YgHShua7QQB2.0cu','ACTIVE','ROLE_TEACHER'),(3070002,'https://res.cloudinary.com/dbh8vdpi7/image/upload/v1696798063/user-profile-interface-sign-symbol-icon-3d-rendering_rkjccs.jpg','$2a$10$PXRz7QOwWfGaqNYF9tyJNeJJQEg85a5EgruwYsui2fC9Dj3srMyxa','ACTIVE','ROLE_TEACHER'),(3070003,'https://res.cloudinary.com/dbh8vdpi7/image/upload/v1696798063/user-profile-interface-sign-symbol-icon-3d-rendering_rkjccs.jpg','$2a$10$EYBntOA./6Gk4YpTYYzDguPGucv1W6H/aJPMVGG0TPbhbVewoEnkm','ACTIVE','ROLE_TEACHER'),(3070004,'https://res.cloudinary.com/dbh8vdpi7/image/upload/v1696798063/user-profile-interface-sign-symbol-icon-3d-rendering_rkjccs.jpg','$2a$10$bI1uJvC1NWZb75Uw5Fz6UOkgVxcDOYrmLkFCmRMQwUurAZqkEOAbq','ACTIVE','ROLE_TEACHER'),(3070005,'https://res.cloudinary.com/dbh8vdpi7/image/upload/v1696798063/user-profile-interface-sign-symbol-icon-3d-rendering_rkjccs.jpg','$2a$10$aZTy9yr8xEc.ZfvLymlG2ulnIrM..SP7.0m/0w93x7TwZn2TClXJe','ACTIVE','ROLE_TEACHER'),(3080001,'https://res.cloudinary.com/dbh8vdpi7/image/upload/v1696798063/user-profile-interface-sign-symbol-icon-3d-rendering_rkjccs.jpg','$2a$10$cUWMq8IZjFkXCULByKnKoO4OsU6cyfPxsX9N3CEzzuKJgZxUTubAG','ACTIVE','ROLE_TEACHER'),(3080002,'https://res.cloudinary.com/dbh8vdpi7/image/upload/v1696798063/user-profile-interface-sign-symbol-icon-3d-rendering_rkjccs.jpg','$2a$10$J7ZIIR/OqU4GaF49SwyQCOjt4V3.sK1S/G1Qnip3/XTDLC1RdyYyC','ACTIVE','ROLE_TEACHER'),(3080003,'https://res.cloudinary.com/dbh8vdpi7/image/upload/v1696798063/user-profile-interface-sign-symbol-icon-3d-rendering_rkjccs.jpg','$2a$10$vAKPjQD./lZKInGjEYG1wOogc3VrBlZzLG2GIwwN.Ajuio4zyvjk2','ACTIVE','ROLE_TEACHER'),(3080004,'https://res.cloudinary.com/dbh8vdpi7/image/upload/v1696798063/user-profile-interface-sign-symbol-icon-3d-rendering_rkjccs.jpg','$2a$10$teoscxIP1uKR6ylic8SIs.h1FWOS4LspwxZSWBKTaGXI6JTIf9Kg6','ACTIVE','ROLE_TEACHER'),(3080005,'https://res.cloudinary.com/dbh8vdpi7/image/upload/v1696798063/user-profile-interface-sign-symbol-icon-3d-rendering_rkjccs.jpg','$2a$10$eRkZxIMusXSthxqdWHjGPOP.5ddMuIOjru8paqyQ7Kg1QHo4T3LiC','ACTIVE','ROLE_TEACHER'),(3090001,'https://res.cloudinary.com/dbh8vdpi7/image/upload/v1696798063/user-profile-interface-sign-symbol-icon-3d-rendering_rkjccs.jpg','$2a$10$KsS9gaHH6wJ/RjYNgsF6B.YWcs.vKP.Y2tcSRN8llDa/91p.nwURe','ACTIVE','ROLE_TEACHER'),(3090002,'https://res.cloudinary.com/dbh8vdpi7/image/upload/v1696798063/user-profile-interface-sign-symbol-icon-3d-rendering_rkjccs.jpg','$2a$10$.oB4VS7kjOFKkKe2Wk3bzOr9tH3Wut2ktywbUpJaNtYnfxP/dcexa','ACTIVE','ROLE_TEACHER'),(3090003,'https://res.cloudinary.com/dbh8vdpi7/image/upload/v1696798063/user-profile-interface-sign-symbol-icon-3d-rendering_rkjccs.jpg','$2a$10$Gvamr0PykTvg/3uRn.63LuqzBCpp89AzhGofC2QPDG8tBpVDq0wFO','ACTIVE','ROLE_TEACHER'),(3090004,'https://res.cloudinary.com/dbh8vdpi7/image/upload/v1696798063/user-profile-interface-sign-symbol-icon-3d-rendering_rkjccs.jpg','$2a$10$M7LLdnBcH8wSXoc1yZr2BuvOBfSTDPFXo2M8JlTBIfXsvp1Dobw6a','ACTIVE','ROLE_TEACHER'),(3090005,'https://res.cloudinary.com/dbh8vdpi7/image/upload/v1696798063/user-profile-interface-sign-symbol-icon-3d-rendering_rkjccs.jpg','$2a$10$t97TYwdPwzjn9yvvDKUT6Ohu9b5zhafAkAecrdbmfrU.IHLt/.wfy','ACTIVE','ROLE_TEACHER'),(3100001,'https://res.cloudinary.com/dbh8vdpi7/image/upload/v1696798063/user-profile-interface-sign-symbol-icon-3d-rendering_rkjccs.jpg','$2a$10$GKOWm3jpHhj0G9NZATVmHOGbBipz.iEo2vCdVcO.6DI.OSX..O8YO','ACTIVE','ROLE_TEACHER'),(3100002,'https://res.cloudinary.com/dbh8vdpi7/image/upload/v1696798063/user-profile-interface-sign-symbol-icon-3d-rendering_rkjccs.jpg','$2a$10$mvM4h/E4KzQxMmXi70ZcH.NdHVqX/yKaVwwHogj4xcsRrNzNtQXVO','ACTIVE','ROLE_TEACHER'),(3100003,'https://res.cloudinary.com/dbh8vdpi7/image/upload/v1696798063/user-profile-interface-sign-symbol-icon-3d-rendering_rkjccs.jpg','$2a$10$JI.mZy7fhkWHY55x5niEe.X7pQLMWAhncXcAvem3RHnOyKIA5cw2a','ACTIVE','ROLE_TEACHER'),(3100004,'https://res.cloudinary.com/dbh8vdpi7/image/upload/v1696798063/user-profile-interface-sign-symbol-icon-3d-rendering_rkjccs.jpg','$2a$10$MWkYyIg9yyKzU30gtY8V/OBqgR2GfBU3FK7C5M/JSqguUVSsIy4vK','ACTIVE','ROLE_TEACHER'),(3100005,'https://res.cloudinary.com/dbh8vdpi7/image/upload/v1696798063/user-profile-interface-sign-symbol-icon-3d-rendering_rkjccs.jpg','$2a$10$X5XKdowTbgRPQaRxTunDae4xbSkrc/FEXU3dzTPsksXhetbr8wrYu','ACTIVE','ROLE_TEACHER'),(3110001,'https://res.cloudinary.com/dbh8vdpi7/image/upload/v1696798063/user-profile-interface-sign-symbol-icon-3d-rendering_rkjccs.jpg','$2a$10$f0h7iGvxENlgCiqyRg3ujOVpR0qW01OeCdX8DWNKGQx1GJmIWcyiO','ACTIVE','ROLE_TEACHER'),(3110002,'https://res.cloudinary.com/dbh8vdpi7/image/upload/v1696798063/user-profile-interface-sign-symbol-icon-3d-rendering_rkjccs.jpg','$2a$10$TVk8EC5kdzrwl/PuSXmouOgF7CGdLBxRNhb89FY7CMnjKVEZSknN2','ACTIVE','ROLE_TEACHER'),(3110003,'https://res.cloudinary.com/dbh8vdpi7/image/upload/v1696798063/user-profile-interface-sign-symbol-icon-3d-rendering_rkjccs.jpg','$2a$10$d4gn48IepcD5AQAoQpA3Lu3lbxA6l0i.HDYzlab5ckSFWhSt7DxRi','ACTIVE','ROLE_TEACHER'),(3110004,'https://res.cloudinary.com/dbh8vdpi7/image/upload/v1696798063/user-profile-interface-sign-symbol-icon-3d-rendering_rkjccs.jpg','$2a$10$o7Q6.3YInN7x1R1Xt9NSp.x.0NIe76BBoMNBl02FqhGWptXg4FOLK','ACTIVE','ROLE_TEACHER'),(3110005,'https://res.cloudinary.com/dbh8vdpi7/image/upload/v1696798063/user-profile-interface-sign-symbol-icon-3d-rendering_rkjccs.jpg','$2a$10$QNySG9UWyAT6OcbKMDW6dOy7KkF/5RQzX49daoFDY6Zj/1z9MTOd6','ACTIVE','ROLE_TEACHER'),(3120001,'https://res.cloudinary.com/dbh8vdpi7/image/upload/v1696798063/user-profile-interface-sign-symbol-icon-3d-rendering_rkjccs.jpg','$2a$10$Ch7dTKJAdiKCJ2fMWRlpveEC1PwxOhuvrzglRd.4LMMVD2eszdZma','ACTIVE','ROLE_TEACHER'),(3120002,'https://res.cloudinary.com/dbh8vdpi7/image/upload/v1696798063/user-profile-interface-sign-symbol-icon-3d-rendering_rkjccs.jpg','$2a$10$6IXyK3afAYDWl6.z/tsOHOWD34RvdBuXC2jzobTP.6kuMdIGdoyJ6','ACTIVE','ROLE_TEACHER'),(3120003,'https://res.cloudinary.com/dbh8vdpi7/image/upload/v1696798063/user-profile-interface-sign-symbol-icon-3d-rendering_rkjccs.jpg','$2a$10$tWmZ3RYzpjfqGK4t1E95Fu9qx6h.ARwWwoG83VPnzizTXq8lAe0xW','ACTIVE','ROLE_TEACHER'),(3120004,'https://res.cloudinary.com/dbh8vdpi7/image/upload/v1696798063/user-profile-interface-sign-symbol-icon-3d-rendering_rkjccs.jpg','$2a$10$JeMhBLKTY4IvQq2tfGMJkeGbbBUCX59JsNIYNcg5XNcNCQV3RXTnC','ACTIVE','ROLE_TEACHER'),(3120005,'https://res.cloudinary.com/dbh8vdpi7/image/upload/v1696798063/user-profile-interface-sign-symbol-icon-3d-rendering_rkjccs.jpg','$2a$10$Wfp4SLBQaf.e1IBzToNJr.h9nHdFwg4HCE.ID5qHPjmyMGGmY8o52','ACTIVE','ROLE_TEACHER');
/*!40000 ALTER TABLE `account` ENABLE KEYS */;
UNLOCK TABLES;

--
-- Table structure for table `admission_type`
--

DROP TABLE IF EXISTS `admission_type`;
/*!40101 SET @saved_cs_client     = @@character_set_client */;
/*!50503 SET character_set_client = utf8mb4 */;
CREATE TABLE `admission_type` (
  `id` bigint NOT NULL AUTO_INCREMENT,
  `name` varchar(255) DEFAULT NULL,
  PRIMARY KEY (`id`)
) ENGINE=InnoDB AUTO_INCREMENT=4 DEFAULT CHARSET=utf8mb4 COLLATE=utf8mb4_0900_ai_ci;
/*!40101 SET character_set_client = @saved_cs_client */;

--
-- Dumping data for table `admission_type`
--

LOCK TABLES `admission_type` WRITE;
/*!40000 ALTER TABLE `admission_type` DISABLE KEYS */;
INSERT INTO `admission_type` VALUES (1,'i hc chnh quy'),(2,'Sau i hc'),(3,'o to t xa');
/*!40000 ALTER TABLE `admission_type` ENABLE KEYS */;
UNLOCK TABLES;

--
-- Table structure for table `course`
--

DROP TABLE IF EXISTS `course`;
/*!40101 SET @saved_cs_client     = @@character_set_client */;
/*!50503 SET character_set_client = utf8mb4 */;
CREATE TABLE `course` (
  `id` varchar(255) NOT NULL,
  `credit` float DEFAULT NULL,
  `name` varchar(255) DEFAULT NULL,
  PRIMARY KEY (`id`)
) ENGINE=InnoDB DEFAULT CHARSET=utf8mb4 COLLATE=utf8mb4_0900_ai_ci;
/*!40101 SET character_set_client = @saved_cs_client */;

--
-- Dumping data for table `course`
--

LOCK TABLES `course` WRITE;
/*!40000 ALTER TABLE `course` DISABLE KEYS */;
INSERT INTO `course` VALUES ('_GENG001',3,'Ting anh cp  1'),('_GENG002',3,'Ting anh cp  2'),('ACCO1305',3,'Kinh doanh v nghip v'),('ACCO1306',3,'Kinh doanh v nghip v (TA)'),('ACCO1325',3,'Nguyn l k ton'),('ACCO1328',3,'Logic hc'),('ACCO1330',3,'K ton qun tr'),('ACCO1334',3,'K ton ti chnh 2'),('ACCO1339',3,'H thng thng tin k ton 1'),('ACCO1349',3,'Kim ton thc hnh'),('ACCO2311',3,'K ton thu 1'),('ACCO3302',3,'Kim ton 1'),('ACCO5301',3,'Nguyn l k ton'),('ACCO5307',3,'Kim ton 1 (TA)'),('ACCO5319',3,'K ton qun tr cn bn 2 (TA)'),('ACCO5340',3,'Kinh doanh v nghip v'),('ACCO6304',3,'K ton ti chnh 4'),('ACCO6314',3,'Kim ton thc hnh'),('ACCO6340',3,'K ton ti chnh 1'),('BADM1186',1,'Qun tr bn thn'),('BADM1197',1,'T duy phn bin v sng to'),('BADM1301',3,'Qun tr hc'),('BADM1364',3,'Qun tr hc'),('BADM1365',3,'Phn tch nh lng trong qun tr'),('BADM1366',3,'Qun tr nhn lc'),('BADM1367',3,'Qun tr Marketing'),('BADM1373',3,'Thng mi in t'),('BADM1377',3,'Thng k ng dng'),('BADM1379',3,'Qun tr d n'),('BADM1380',3,'Qun tr chin lc'),('BADM1392',3,'Qun tr vn hnh'),('BADM2117',1,'Thng minh cm xc v t duy tch cc'),('BADM2188',1,'Gi tr sng 1'),('BADM2311',3,'Giao tip trong kinh doanh'),('BADM2327',3,'Trch nhim x hi ca doanh nghip'),('BADM2331',3,'Pht trin sn phm mi'),('BADM2348',3,'Vn ti v bo him'),('BADM2350',3,'Qun tr knh phn phi'),('BADM2368',3,'Qun tr thu mua'),('BADM2370',3,'Qun tr Logistics'),('BADM2372',3,'D bo trong kinh doanh'),('BADM2374',3,'Tuyn im du lch Vit Nam'),('BADM2375',3,'Qun tr kinh doanh l hnh'),('BADM2381',3,'Qun tr xut nhp khu'),('BADM2382',3,'u t quc t'),('BADM2383',3,'Marketing quc t'),('BADM2384',3,'Qun tr thng hiu'),('BADM5103',1,'Gi tr sng 1'),('BADM5106',1,'Nhn din bn thn'),('BADM5301',3,'Qun tr hc'),('BADM5302',3,'Giao tip trong kinh doanh'),('BADM5304',3,'Qun tr nhn lc'),('BADM5307',3,'Trch nhim x hi ca doanh nghip'),('BADM5310',3,'Qun tr thng hiu'),('BADM5317',3,'Hnh vi khch hng'),('BADM5323',3,'Quan h cng chng'),('BADM5329',3,'Kinh doanh quc t'),('BADM5330',3,'Qun tr kinh doanh quc t'),('BADM5332',3,'Qun tr xut nhp khu'),('BADM5335',3,'Marketing cn bn'),('BADM5355',3,'Giao tip trong kinh doanh'),('BADM5356',3,'Thng k ng dng'),('BADM6103',1,'Gi tr sng 1'),('BADM6104',1,'Gi tr sng 2'),('BADM6303',3,'Thng mi in t'),('BADM6321',3,'Qun tr hc'),('BADM6340',3,'Giao tip trong kinh doanh'),('BADM6341',3,'Thng k ng dng'),('BIOT1201',2,'Sinh hc i cng'),('BIOT1347',3,'Con ngi v mi trng'),('BIOT1348',3,'Cng ngh t bo'),('BIOT2201',2,'Sinh hc phn t'),('BIOT2402',3,'Cng ngh protein-enzyme'),('BIOT2403',3,'Cng ngh vi sinh'),('BIOT2404',3,'Di truyn hc'),('BIOT2406',3,'Sinh l ng vt'),('BIOT3224',2,'Dinh dng ngi'),('BIOT5302',3,'Sinh ha hc'),('BLAW1203',2,'Lut hn nhn gia nh'),('BLAW1205',2,'Lut ngn sch Nh nc (Lut TC)'),('BLAW1210',2,'Ph sn v gii quyt tranh chp'),('BLAW1218',2,'Lut Cng ty'),('BLAW1222',2,'Lut T tng hnh s'),('BLAW1228',2,'K nng son tho vn bn'),('BLAW1229',2,'K nng vit v nghin cu php l'),('BLAW1301',3,'L lun Nh nc v php lut'),('BLAW1309',3,'T duy phn bin'),('BLAW1317',3,'Lut Lao ng'),('BLAW1323',3,'Php lut v cc loi hnh thng nhn'),('BLAW1324',3,'Lut t ai'),('BLAW2203',2,'Lut ngn hng'),('BLAW2301',3,'Lut hin php'),('BLAW2305',3,'Lut hnh s'),('BLAW2306',3,'Lut dn s 2'),('BLAW2319',3,'Lut thng mi quc t'),('BLAW2330',3,'Lut thu'),('BLAW2332',3,'Lut cnh tranh'),('BLAW3301',3,'Cng php quc t (KI)'),('BLAW3311',3,'K nng son tho hp ng'),('BLAW4201',2,'Lut hc so snh'),('BLAW4202',2,'Php lut v xut nhp khu'),('CENG1123',1,' n kt cu B tng ct thp 1'),('CENG1202',1,'Nhn thc ngnh (TT NT ngnh)'),('CENG1217',2,'Kin trc dn dng'),('CENG1327',3,'K thut thi cng'),('CENG1330',3,'Thit k nh nhiu tng'),('CENG2203',2,'Trc a i cng'),('CENG2205',2,'Sc bn vt liu 2'),('CENG2206',1,'Th nghim Sc bn vt liu'),('CENG2212',2,'Phng php phn t hu hn'),('CENG2319',3,'Kinh t xy dng'),('CENG3211',2,'Kt cu B tng ct thp 2'),('CENG3212',2,'Kt cu thp 2'),('CENG3305',3,'Qun l d n xy dng'),('CENG4205',1,' n thi cng'),('CHEM1303',3,'Ha i cng'),('CHEM1305',3,'Ha hc thc phm'),('CHIN1201',2,'K nng nghe hiu 1'),('CHIN1202',2,'K nng ni 1'),('CHIN1203',2,'K nng c 1'),('CHIN1242',2,'Ng m - Vn t Hn ng'),('CHIN1254',2,'Khu ng nng cao'),('CHIN1313',3,'Ting Trung Quc tng hp 1'),('CHIN1325',3,'Ting Trung Quc tng hp 4'),('CHIN1329',3,'K nng nghe hiu 3'),('CHIN1333',3,'K nng ni 4'),('CHIN1336',3,'K nng c 4'),('CHIN1338',3,'K nng vit 2'),('CHIN1339',3,'K nng vit 3'),('CHIN1340',3,'K nng vit 4'),('CHIN1346',3,'Dch du lch'),('CHIN2310',3,'Giao tip thng mi'),('CHIN3210',2,'Dch Khu ng'),('CHIN3211',2,'Dch Vn hc'),('CHIN3304',3,'Lc s Vn hc Trung Quc'),('CHIN4303',3,'Th tn thng mi'),('CMAN1122',1,' n Qun l d n xy dng'),('CMAN3206',2,'u thu v hp ng trong xy dng'),('CMAN3304',2,'D ton xy dng'),('CMAN4211',2,'Tin hc ng dng trong qun l xy dng'),('CMAN4302',3,'Lp v thm nh d n u t xy dng'),('COMP1307',3,'Tin hc i cng'),('COMP1310',3,'Tin hc vn phng nng cao'),('COMP2403',3,'Tin hc ng dng'),('COMP3401',3,'UD tin hc trong CNSH'),('DATS1301',3,'Nhp mn tin hc cho Khoa hc d liu'),('DATS2304',3,'Trc quan ha d liu'),('DEDU0103',1,'Gio dc quc phng v an ninh: Qun s chung'),('DEDU0202',2,'Gio dc quc phng v an ninh: Cng tc quc phng v an ninh'),('DEDU0204',2,'Gio dc quc phng v an ninh: K thut chin u b binh v chin thut'),('DEDU0301',3,'Gio dc quc phng v an ninh: ng li quc phng v an ninh ca ng Cng sn Vit Nam'),('ECON1301',3,'Kinh t vi m'),('ECON1318',3,'Nguyn l thng k kinh t'),('ECON1320',3,'Kinh t vi m nng cao'),('ECON1322',3,'Kinh t lng nng cao'),('ECON2315',3,'Kinh t lng trong ti chnh'),('ECON2323',3,'Kinh t quc t'),('ECON2324',3,'Kinh t pht trin'),('ECON2327',3,'D bo trong kinh doanh v kinh t'),('ECON2331',3,'Chnh sch ngoi thng v cng nghip'),('EDUC1301',3,'nh hng v k nng hc tp'),('EDUC1314',3,'Phng php nghin cu khoa hc'),('ENGL1104',1,'Bo co chuyn  kinh doanh thng mi'),('ENGL1249',2,'K nng thuyt trnh'),('ENGL1267',2,'Qun l lp hc'),('ENGL1269',2,'Ging dy qua chuyn k, kch'),('ENGL1278',2,'Anh ng du lch'),('ENGL1280',2,'Anh ng nhn dng'),('ENGL1281',2,'Nghip v giao dch ngn hng'),('ENGL1285',2,'Ging dy tch hp'),('ENGL1301',3,'Ng php'),('ENGL1304',3,'Nghe - Ni 1'),('ENGL1315',3,'c - Vit 1'),('ENGL1319',3,'Luyn pht m'),('ENGL1333',3,'Nghe - Ni 4'),('ENGL1334',3,'Luyn dch 1'),('ENGL1341',3,'c - Vit 4'),('ENGL1360',3,'Qun tr hc'),('ENGL1362',3,'Nguyn l k ton'),('ENGL1364',3,'Quan h cng chng'),('ENGL1365',3,'Nghip v vn phng'),('ENGL1384',3,'Tm l la tui'),('ENGL2309',3,'Vn ha Anh - M'),('ENGL3201',2,'Ng m - m v hc'),('ENGL3205',2,'Vn hc Anh'),('ENGL3307',3,'Lch s cc phng php ging dy ting Anh'),('FINA1301',3,'Tin t v Ngn hng'),('FINA1328',3,'Qun tr ti chnh'),('FINA1329',3,'Ti chnh doanh nghip 1'),('FINA1330',3,'Ti chnh c nhn'),('FINA2337',3,'Th trng ti chnh phi sinh'),('FINA2338',3,'Ti chnh doanh nghip 2'),('FINA2341',3,'Qun l danh mc u t'),('FINA2342',3,'Ngn hng u t'),('FINA2344',3,'Marketing ngn hng'),('FINA3318',3,'Thu v hot ng kinh doanh'),('FINA5304',3,'Ti chnh doanh nghip 1'),('FINA5305',3,'Th trng ti chnh phi sinh'),('FINA5308',3,'Ti chnh quc t'),('FINA5318',3,'Ti chnh c nhn'),('FINA5324',3,'Qun tr ti chnh'),('FINA6319',3,'Marketing ngn hng'),('FOOD1301',3,'Cng ngh bo qun v ch bin sau thu hoch'),('FOOD1304',3,'nh gi cm quan thc phm'),('FOOD2204',2,'Ph gia thc phm'),('food2312',3,'Thng k ng dng trong cng ngh thc phm'),('GCHI2303',3,'Ting Trung 3'),('GENG0311',3,'Ting Anh cn bn 1'),('GENG0312',3,'Ting Anh cn bn 2'),('GENG0313',3,'Ting Anh cn bn 3'),('GENG0314',3,'Ting Anh cn bn 4'),('GENG0315',3,'Ting Anh cn bn 5'),('GENG1311',3,'Ting Anh nng cao 1'),('GENG1312',3,'Ting Anh nng cao 2'),('GENG1313',3,'Ting Anh nng cao 3'),('GENG1339',3,'Ting Anh Nng cao 1 (K2019)'),('GENG1340',3,'Ting Anh Nng cao 2 (K2019)'),('GENG1341',3,'Ting Anh Nng cao 3 (K2019)'),('GENG1342',3,'Ting Anh Nng cao 4 (K2019)'),('GENG1343',3,'Ting Anh Nng cao 5 (K2019)'),('GENG1344',3,'Ting Anh Nng cao 6 (K2019)'),('GENG1345',3,'Ting Anh Nng cao 7 (K2019)'),('GENG1346',3,'Ting Anh Nng cao 8 (K2019)'),('GENG1347',3,'Ting Anh Nng cao 9 (K2019)'),('GENG1348',3,'Ting Anh Nng cao 10 (K2019)'),('GJAP2303',3,'Ting Nht 3'),('GLAW1223',2,'Thc hnh ngh nghip ngnh Lut'),('glaw1315',3,'Php lut i cng'),('GLAW1318',3,'Lut kinh doanh'),('GLAW2205',2,'Php lut i cng trong hot ng xy dng'),('GLAW2302',3,'Php lut v cc loi hnh thng nhn v ph sn'),('GLAW3208',2,'Php lut v cng chng v chng thc'),('GLAW3303',3,'Php lut cng ng ASEAN'),('GLAW6301',2,'Php lut i cng'),('IBUS3122',1,'Vn ha s'),('IBUS3123',1,'Cng c qun l thng mi'),('IBUS3210',2,'Qun tr quan h khch hng'),('IBUS3216',2,'Thanh ton quc t'),('IBUS3219',2,'Nghin cu th trng quc t'),('IBUS3220',2,'Qun tr Logistic'),('IBUS3312',3,'Ting Php'),('IBUS3313',3,'Ting Vit'),('IBUS3315',3,'Nghip v ngoi thng'),('IBUS3317',3,'Lut thng mi quc t'),('IBUS3318',3,'K thut truyn thng'),('IBUS3321',3,'Marketing'),('IBUS3325',3,'Kt ni quc t 1'),('IBUS3414',4,'Kinh t quc t'),('IBUS3511',5,'Ting Anh'),('IBUS3624',6,' n'),('IBUS3809',8,'m phn quc t'),('INDO2303',3,'Ting Indonesia 3'),('ITEC1328',3,'Cu trc d liu v thut gii 2'),('ITEC1401',3,'Nhp mn tin hc'),('ITEC1505',4,'C s lp trnh'),('ITEC2301',3,'H iu hnh'),('ITEC2502',4,'C s d liu (Nhp mn CSDL)'),('ITEC2503',4,'Mng my tnh (Nhp mn MMT)'),('ITEC2504',4,'Lp trnh hng i tng'),('ITEC3201',2,'K nng ngh nghip'),('ITEC3412',3,'An ton h thng thng tin'),('ITEC5305',3,'ng dng web'),('ITEC6301',3,'Nhp mn tin hc'),('ITEC6304',3,'Cu trc d liu v thut gii 2'),('ITEC6305',3,'H iu hnh'),('ITEC6307',3,'C s d liu nng cao'),('ITEC6308',3,'Lp trnh c s d liu'),('ITEC6311',3,'Tr tu nhn to'),('ITEC6401',3,'C s lp trnh'),('JAPA0421',3,'Thc hnh Ting Nht tng hp 1'),('JAPA0422',3,'Thc hnh Ting Nht tng hp 2'),('JAPA1236',2,'Vn hc Nht Bn'),('JAPA1241',2,'Bin dch 2'),('JAPA1243',2,'Phin dch 2'),('JAPA1255',2,'Khu ng trong ting Nht'),('JAPA1256',2,'Ting Nht dng trong IT'),('JAPA1260',2,'Bin dch nng cao'),('JAPA1261',2,'Phin dch nng cao'),('JAPA1262',2,'Ting Nht dng trong nh hng, khch sn'),('JAPA1310',3,'C s ngn ng hc ting Nht'),('JAPA1321',3,'Nghe - Ni IV'),('JAPA1401',4,'Ting Nht tng hp I'),('JAPA1403',4,'Nghe - Ni I'),('JAPA2209',2,'L thuyt dch'),('JAPA2301',3,'Ng php hc ting Nht 1'),('JAPA3204',2,'K nng vit 3'),('JAPA3210',2,'Kanji - c hiu III'),('JAPA4211',2,'a l Nht Bn'),('KORE1310',3,'Ng php  Vit ting Hn cao cp'),('KORE1315',3,'Nghe ting Hn cao cp'),('KORE1318',3,'Ni ting Hn trung cp 1'),('KORE1323',3,'c ting Hn trung cp 1'),('KORE1326',3,'Ng php ting Hn s cp 1'),('KORE1331',3,'Nghe  Ni ting Hn s cp 1'),('KORE1336',3,'Vit ting Hn s cp 1'),('KORE1341',3,'c ting Hn s cp 1'),('KORE2201',2,'Vn ha Hn Quc'),('KORE2202',2,'X hi Hn Quc ng i'),('KORE2204',2,'Ng ngha hc ting Hn'),('KORE2306',3,'L thuyt dch'),('MATH1313',3,'i s tuyn tnh'),('MATH1314',3,'Gii tch'),('MATH1315',3,'Xc sut v Thng k'),('MATH2401',3,'Thng k sinh hc'),('MATH5301',3,'Gii tch'),('MATH5304',3,'Nguyn l thng k kinh t'),('MATH6301',3,'Gii tch'),('MATH6302',3,'i s tuyn tnh'),('MATH6303',3,'Xc sut v Thng k'),('PEDU0201',1.5,'GDTC1-Th dc Pht trin chung'),('PEDU0202',1.5,'GDTC 2 (TC) - Bng chuyn'),('PEDU0204',1.5,'GDTC 2 (TC) - Cu lng'),('POLI1205',2,'Kinh t chnh tr Mc - Lnin'),('POLI1206',2,'Ch ngha x hi khoa hc'),('POLI1207',2,'Lch s ng Cng sn Vit Nam'),('POLI1208',2,'T tng H Ch Minh'),('POLI1304',2,'Trit hc Mc - Lnin'),('PSYC2301',3,'Gii phu v sinh l hot ng thn kinh cp cao'),('SEAS1202',2,'Dn nhp ng Nam  hc'),('SEAS1317',3,'Lch s vn minh th gii'),('SEAS1336',3,'Cc tc ngi  ng Nam '),('SEAS2301',3,'Kinh t hc i cng'),('SEAS2325',3,'Thit k v iu hnh tour'),('SEAS3210',2,'Cc t chc quc t v khu vc  ng Nam '),('SOCI1301',3,'X hi hc i cng (NMXHH)'),('SOCI1316',3,'Nhn hc i cng'),('SOCI1317',3,'Tm l hc i cng'),('SOCI1319',3,'Thng k x hi'),('SOCI1320',3,'Dn nhp phn mm thng k x hi'),('SOCI1321',3,'Phng php trong nghin cu x hi'),('SOCI2324',3,'X hi hc gia nh v gii'),('SOCI2327',3,'X hi hc t chc'),('SOCI2329',3,'Chnh sch x hi'),('SOCI3201',2,'X hi hc li sng'),('SOCI3317',3,'X hi hc lao ng'),('SWOR1301',3,'Cng tc x hi nhp mn'),('SWOR2319',3,'Cng tc x hi nhm'),('SWOR2320',3,'Pht trin cng ng'),('SWOR2322',3,'Tham vn c bn'),('SWOR2324',3,'CTXH vi ngi khuyt tt'),('SWOR2326',3,'An sinh nhi ng v gia nh'),('SWOR2332',3,'Tham vn tr trong HC BKK'),('TECH1301',3,'V k thut xy dng'),('TOUR1305',3,'Du lch bn vng'),('TOUR1313',3,'Cc vng vn ha Vit Nam'),('VIET1208',2,'Thc hnh vn bn ting Vit'),('VIET6301',3,'i cng vn ha Vit Nam');
/*!40000 ALTER TABLE `course` ENABLE KEYS */;
UNLOCK TABLES;

--
-- Table structure for table `course_schedule`
--

DROP TABLE IF EXISTS `course_schedule`;
/*!40101 SET @saved_cs_client     = @@character_set_client */;
/*!50503 SET character_set_client = utf8mb4 */;
CREATE TABLE `course_schedule` (
  `schedule_id` varchar(255) NOT NULL,
  `course_length` int DEFAULT NULL,
  `date_start` datetime(6) DEFAULT NULL,
  `session_length` int DEFAULT NULL,
  `session_start` int DEFAULT NULL,
  `weekday` int DEFAULT NULL,
  `year_code` int DEFAULT NULL,
  `course` varchar(255) DEFAULT NULL,
  `faculty` bigint DEFAULT NULL,
  `teacher` bigint DEFAULT NULL,
  PRIMARY KEY (`schedule_id`),
  KEY `FK41gnfbo3ilksxvhl454s8s625` (`course`),
  KEY `FKtkrik7b2hjbhjmd03ekaiorjv` (`faculty`),
  KEY `FK9utun18cbo9b7j29eoa1dyldb` (`teacher`),
  CONSTRAINT `FK41gnfbo3ilksxvhl454s8s625` FOREIGN KEY (`course`) REFERENCES `course` (`id`),
  CONSTRAINT `FK9utun18cbo9b7j29eoa1dyldb` FOREIGN KEY (`teacher`) REFERENCES `user` (`id`),
  CONSTRAINT `FKtkrik7b2hjbhjmd03ekaiorjv` FOREIGN KEY (`faculty`) REFERENCES `faculty` (`id`)
) ENGINE=InnoDB DEFAULT CHARSET=utf8mb4 COLLATE=utf8mb4_0900_ai_ci;
/*!40101 SET character_set_client = @saved_cs_client */;

--
-- Dumping data for table `course_schedule`
--

LOCK TABLES `course_schedule` WRITE;
/*!40000 ALTER TABLE `course_schedule` DISABLE KEYS */;
INSERT INTO `course_schedule` VALUES ('ACCO1305-AC2101-201',10,'2020-10-10 00:00:00.000000',1,3,3,201,'ACCO1305',3,3040003),('ACCO1305-AC2101-202',10,'2021-08-02 00:00:00.000000',1,3,3,202,'ACCO1305',3,3040003),('ACCO1305-AC2101-203',10,'2020-10-06 00:00:00.000000',1,3,3,203,'ACCO1305',3,3040003),('ACCO1305-AC2102-201',10,'2020-10-10 00:00:00.000000',1,1,3,201,'ACCO1305',3,3040003),('ACCO1305-AC2102-202',10,'2021-08-02 00:00:00.000000',1,1,3,202,'ACCO1305',3,3040003),('ACCO1305-AC2102-203',10,'2020-10-06 00:00:00.000000',1,1,3,203,'ACCO1305',3,3040003),('ACCO1334-AC2101-201',10,'2020-10-10 00:00:00.000000',1,3,5,201,'ACCO1334',3,3040001),('ACCO1334-AC2101-202',10,'2021-08-02 00:00:00.000000',1,3,5,202,'ACCO1334',3,3040001),('ACCO1334-AC2101-203',10,'2020-10-06 00:00:00.000000',1,3,5,203,'ACCO1334',3,3040001),('ACCO1334-AC2102-201',10,'2020-10-10 00:00:00.000000',1,1,2,201,'ACCO1334',3,3040001),('ACCO1334-AC2102-202',10,'2021-08-02 00:00:00.000000',1,1,2,202,'ACCO1334',3,3040001),('ACCO1334-AC2102-203',10,'2020-10-06 00:00:00.000000',1,1,2,203,'ACCO1334',3,3040001),('BADM1364-EC2101-201',10,'2020-10-10 00:00:00.000000',1,1,3,201,'BADM1364',5,3060001),('BADM1364-EC2101-202',10,'2021-08-02 00:00:00.000000',1,1,3,202,'BADM1364',5,3060001),('BADM1364-EC2101-203',10,'2020-10-06 00:00:00.000000',1,1,3,203,'BADM1364',5,3060001),('BADM1364-EC2102-201',10,'2020-10-10 00:00:00.000000',1,3,3,201,'BADM1364',5,3060001),('BADM1364-EC2102-202',10,'2021-08-02 00:00:00.000000',1,3,3,202,'BADM1364',5,3060001),('BADM1364-EC2102-203',10,'2020-10-06 00:00:00.000000',1,3,3,203,'BADM1364',5,3060001),('BIOT2201-BT2101-201',10,'2020-10-10 00:00:00.000000',1,1,3,201,'BIOT2201',1,3010001),('BIOT2201-BT2101-202',10,'2021-08-02 00:00:00.000000',1,1,3,202,'BIOT2201',1,3010001),('BIOT2201-BT2101-203',10,'2020-10-06 00:00:00.000000',1,1,3,203,'BIOT2201',1,3010001),('BIOT2201-BT2102-201',10,'2020-10-10 00:00:00.000000',1,3,3,201,'BIOT2201',1,3010001),('BIOT2201-BT2102-202',10,'2021-08-02 00:00:00.000000',1,3,3,202,'BIOT2201',1,3010001),('BIOT2201-BT2102-203',10,'2020-10-06 00:00:00.000000',1,3,3,203,'BIOT2201',1,3010001),('BIOT2404-BT2101-201',10,'2020-10-10 00:00:00.000000',1,1,5,201,'BIOT2404',1,3010002),('BIOT2404-BT2101-202',10,'2021-08-02 00:00:00.000000',1,1,5,202,'BIOT2404',1,3010002),('BIOT2404-BT2101-203',10,'2020-10-06 00:00:00.000000',1,1,5,203,'BIOT2404',1,3010002),('BIOT2404-BT2102-201',10,'2020-10-10 00:00:00.000000',1,3,5,201,'BIOT2404',1,3010002),('BIOT2404-BT2102-202',10,'2021-08-02 00:00:00.000000',1,3,5,202,'BIOT2404',1,3010002),('BIOT2404-BT2102-203',10,'2020-10-06 00:00:00.000000',1,3,5,203,'BIOT2404',1,3010002),('BLAW1323-BL2101-201',10,'2020-10-10 00:00:00.000000',1,1,2,201,'BLAW1323',6,3070002),('BLAW1323-BL2101-202',10,'2021-08-02 00:00:00.000000',1,1,2,202,'BLAW1323',6,3070002),('BLAW1323-BL2101-203',10,'2020-10-06 00:00:00.000000',1,1,2,203,'BLAW1323',6,3070002),('BLAW1323-BL2102-201',10,'2020-10-10 00:00:00.000000',1,3,7,201,'BLAW1323',6,3070002),('BLAW1323-BL2102-202',10,'2021-08-02 00:00:00.000000',1,3,7,202,'BLAW1323',6,3070002),('BLAW1323-BL2102-203',10,'2020-10-06 00:00:00.000000',1,3,7,203,'BLAW1323',6,3070002),('BLAW1324-BL2101-201',10,'2020-10-10 00:00:00.000000',1,1,7,201,'BLAW1324',6,3070001),('BLAW1324-BL2101-202',10,'2021-08-02 00:00:00.000000',1,1,7,202,'BLAW1324',6,3070001),('BLAW1324-BL2101-203',10,'2020-10-06 00:00:00.000000',1,1,7,203,'BLAW1324',6,3070001),('BLAW1324-BL2102-201',10,'2020-10-10 00:00:00.000000',1,3,2,201,'BLAW1324',6,3070001),('BLAW1324-BL2102-202',10,'2021-08-02 00:00:00.000000',1,3,2,202,'BLAW1324',6,3070001),('BLAW1324-BL2102-203',10,'2020-10-06 00:00:00.000000',1,3,2,203,'BLAW1324',6,3070001),('BLAW2306-BL2101-201',10,'2020-10-10 00:00:00.000000',1,1,5,201,'BLAW2306',6,3070005),('BLAW2306-BL2101-202',10,'2021-08-02 00:00:00.000000',1,1,5,202,'BLAW2306',6,3070005),('BLAW2306-BL2101-203',10,'2020-10-06 00:00:00.000000',1,1,5,203,'BLAW2306',6,3070005),('BLAW2306-BL2102-201',10,'2020-10-10 00:00:00.000000',1,3,5,201,'BLAW2306',6,3070005),('BLAW2306-BL2102-202',10,'2021-08-02 00:00:00.000000',1,3,5,202,'BLAW2306',6,3070005),('BLAW2306-BL2102-203',10,'2020-10-06 00:00:00.000000',1,3,5,203,'BLAW2306',6,3070005),('COMP2403-AC2101-201',10,'2020-10-10 00:00:00.000000',1,3,4,201,'COMP2403',3,3040005),('COMP2403-AC2101-202',10,'2021-08-02 00:00:00.000000',1,3,4,202,'COMP2403',3,3040005),('COMP2403-AC2101-203',10,'2020-10-06 00:00:00.000000',1,3,4,203,'COMP2403',3,3040005),('COMP2403-AC2102-201',10,'2020-10-10 00:00:00.000000',1,1,7,201,'COMP2403',3,3040005),('COMP2403-AC2102-202',10,'2021-08-02 00:00:00.000000',1,1,7,202,'COMP2403',3,3040005),('COMP2403-AC2102-203',10,'2020-10-06 00:00:00.000000',1,1,7,203,'COMP2403',3,3040005),('ECON1318-EC2101-201',10,'2020-10-10 00:00:00.000000',1,1,4,201,'ECON1318',5,3060002),('ECON1318-EC2101-202',10,'2021-08-02 00:00:00.000000',1,1,4,202,'ECON1318',5,3060002),('ECON1318-EC2101-203',10,'2020-10-06 00:00:00.000000',1,1,4,203,'ECON1318',5,3060002),('ECON1318-EC2102-201',10,'2020-10-10 00:00:00.000000',1,3,4,201,'ECON1318',5,3060002),('ECON1318-EC2102-202',10,'2021-08-02 00:00:00.000000',1,3,4,202,'ECON1318',5,3060002),('ECON1318-EC2102-203',10,'2020-10-06 00:00:00.000000',1,3,4,203,'ECON1318',5,3060002),('ECON1320-EC2101-201',10,'2020-10-10 00:00:00.000000',1,1,2,201,'ECON1320',5,3060005),('ECON1320-EC2101-202',10,'2021-08-02 00:00:00.000000',1,1,2,202,'ECON1320',5,3060005),('ECON1320-EC2101-203',10,'2020-10-06 00:00:00.000000',1,1,2,203,'ECON1320',5,3060005),('ECON1320-EC2102-201',10,'2020-10-10 00:00:00.000000',1,3,6,201,'ECON1320',5,3060003),('ECON1320-EC2102-202',10,'2021-08-02 00:00:00.000000',1,3,6,202,'ECON1320',5,3060003),('ECON1320-EC2102-203',10,'2020-10-06 00:00:00.000000',1,3,6,203,'ECON1320',5,3060003),('ENGL1334-EL2101-201',10,'2020-10-10 00:00:00.000000',1,1,2,201,'ENGL1334',4,3080001),('ENGL1334-EL2101-202',10,'2021-08-02 00:00:00.000000',1,1,2,202,'ENGL1334',4,3080001),('ENGL1334-EL2101-203',10,'2020-10-06 00:00:00.000000',1,1,2,203,'ENGL1334',4,3080001),('ENGL1334-EL2102-201',10,'2020-10-10 00:00:00.000000',1,3,2,201,'ENGL1334',4,3080001),('ENGL1334-EL2102-202',10,'2021-08-02 00:00:00.000000',1,3,2,202,'ENGL1334',4,3080001),('ENGL1334-EL2102-203',10,'2020-10-06 00:00:00.000000',1,3,2,203,'ENGL1334',4,3080001),('ENGL1341-EL2101-201',10,'2020-10-10 00:00:00.000000',1,1,3,201,'ENGL1341',4,3080004),('ENGL1341-EL2101-202',10,'2021-08-02 00:00:00.000000',1,1,3,202,'ENGL1341',4,3080004),('ENGL1341-EL2101-203',10,'2020-10-06 00:00:00.000000',1,1,3,203,'ENGL1341',4,3080004),('ENGL1341-EL2102-201',10,'2020-10-10 00:00:00.000000',1,3,5,201,'ENGL1341',4,3080004),('ENGL1341-EL2102-202',10,'2021-08-02 00:00:00.000000',1,3,5,202,'ENGL1341',4,3080004),('ENGL1341-EL2102-203',10,'2020-10-06 00:00:00.000000',1,3,5,203,'ENGL1341',4,3080004),('GLAW1315-BT2101-201',10,'2020-10-10 00:00:00.000000',1,3,7,201,'GLAW1315',1,3010004),('GLAW1315-BT2101-202',10,'2021-08-02 00:00:00.000000',1,3,7,202,'GLAW1315',1,3010004),('GLAW1315-BT2101-203',10,'2020-10-06 00:00:00.000000',1,3,7,203,'GLAW1315',1,3010004),('GLAW1315-BT2102-201',10,'2020-10-10 00:00:00.000000',1,1,7,201,'GLAW1315',1,3010003),('GLAW1315-BT2102-202',10,'2021-08-02 00:00:00.000000',1,1,7,202,'GLAW1315',1,3010003),('GLAW1315-BT2102-203',10,'2020-10-06 00:00:00.000000',1,1,7,203,'GLAW1315',1,3010003),('ITEC2503-IT2101-201',10,'2020-10-10 00:00:00.000000',1,1,2,201,'ITEC2503',2,3020001),('ITEC2503-IT2101-202',10,'2021-08-02 00:00:00.000000',1,1,2,202,'ITEC2503',2,3020001),('ITEC2503-IT2101-203',10,'2020-10-06 00:00:00.000000',1,1,2,203,'ITEC2503',2,3020001),('ITEC2503-IT2102-201',10,'2020-10-10 00:00:00.000000',1,3,2,201,'ITEC2503',2,3020002),('ITEC2503-IT2102-202',10,'2021-08-02 00:00:00.000000',1,3,2,202,'ITEC2503',2,3020002),('ITEC2503-IT2102-203',10,'2020-10-06 00:00:00.000000',1,3,2,203,'ITEC2503',2,3020002),('ITEC2504-IT2101-201',10,'2020-10-10 00:00:00.000000',1,1,3,201,'ITEC2504',2,3020001),('ITEC2504-IT2101-202',10,'2021-08-02 00:00:00.000000',1,1,3,202,'ITEC2504',2,3020001),('ITEC2504-IT2101-203',10,'2020-10-06 00:00:00.000000',1,1,3,203,'ITEC2504',2,3020001),('ITEC2504-IT2102-201',10,'2020-10-10 00:00:00.000000',1,3,3,201,'ITEC2504',2,3020002),('ITEC2504-IT2102-202',10,'2021-08-02 00:00:00.000000',1,3,3,202,'ITEC2504',2,3020002),('ITEC2504-IT2102-203',10,'2020-10-06 00:00:00.000000',1,3,3,203,'ITEC2504',2,3020002),('PEDU0201-EL2101-201',10,'2020-10-10 00:00:00.000000',1,1,4,201,'PEDU0201',4,3080002),('PEDU0201-EL2101-202',10,'2021-08-02 00:00:00.000000',1,1,4,202,'PEDU0201',4,3080002),('PEDU0201-EL2101-203',10,'2020-10-06 00:00:00.000000',1,1,4,203,'PEDU0201',4,3080002),('PEDU0201-EL2102-201',10,'2020-10-10 00:00:00.000000',1,3,4,201,'PEDU0201',4,3080003),('PEDU0201-EL2102-202',10,'2021-08-02 00:00:00.000000',1,3,4,202,'PEDU0201',4,3080003),('PEDU0201-EL2102-203',10,'2020-10-06 00:00:00.000000',1,3,4,203,'PEDU0201',4,3080003),('POLI1205-AC2101-201',10,'2020-10-10 00:00:00.000000',1,3,6,201,'POLI1205',3,3040004),('POLI1205-AC2101-202',10,'2021-08-02 00:00:00.000000',1,3,6,202,'POLI1205',3,3040004),('POLI1205-AC2101-203',10,'2020-10-06 00:00:00.000000',1,3,6,203,'POLI1205',3,3040004),('POLI1205-AC2102-201',10,'2020-10-10 00:00:00.000000',1,1,4,201,'POLI1205',3,3040002),('POLI1205-AC2102-202',10,'2021-08-02 00:00:00.000000',1,1,4,202,'POLI1205',3,3040002),('POLI1205-AC2102-203',10,'2020-10-06 00:00:00.000000',1,1,4,203,'POLI1205',3,3040002),('POLI1205-BL2101-201',10,'2020-10-10 00:00:00.000000',1,1,6,201,'POLI1205',6,3070004),('POLI1205-BL2101-202',10,'2021-08-02 00:00:00.000000',1,1,6,202,'POLI1205',6,3070004),('POLI1205-BL2101-203',10,'2020-10-06 00:00:00.000000',1,1,6,203,'POLI1205',6,3070004),('POLI1205-BL2102-201',10,'2020-10-10 00:00:00.000000',1,3,6,201,'POLI1205',6,3070003),('POLI1205-BL2102-202',10,'2021-08-02 00:00:00.000000',1,3,6,202,'POLI1205',6,3070003),('POLI1205-BL2102-203',10,'2020-10-06 00:00:00.000000',1,3,6,203,'POLI1205',6,3070003),('POLI1205-BT2101-201',10,'2020-10-10 00:00:00.000000',1,1,6,201,'POLI1205',1,3010005),('POLI1205-BT2101-202',10,'2021-08-02 00:00:00.000000',1,1,6,202,'POLI1205',1,3010005),('POLI1205-BT2101-203',10,'2020-10-06 00:00:00.000000',1,1,6,203,'POLI1205',1,3010005),('POLI1205-BT2102-201',10,'2020-10-10 00:00:00.000000',1,3,6,201,'POLI1205',1,3010005),('POLI1205-BT2102-202',10,'2021-08-02 00:00:00.000000',1,3,6,202,'POLI1205',1,3010005),('POLI1205-BT2102-203',10,'2020-10-06 00:00:00.000000',1,3,6,203,'POLI1205',1,3010005),('POLI1205-EC2101-201',10,'2020-10-10 00:00:00.000000',1,1,6,201,'POLI1205',5,3060004),('POLI1205-EC2101-202',10,'2021-08-02 00:00:00.000000',1,1,6,202,'POLI1205',5,3060004),('POLI1205-EC2101-203',10,'2020-10-06 00:00:00.000000',1,1,6,203,'POLI1205',5,3060004),('POLI1205-EC2102-201',10,'2020-10-10 00:00:00.000000',1,3,2,201,'POLI1205',5,3060005),('POLI1205-EC2102-202',10,'2021-08-02 00:00:00.000000',1,3,2,202,'POLI1205',5,3060005),('POLI1205-EC2102-203',10,'2020-10-06 00:00:00.000000',1,3,2,203,'POLI1205',5,3060005),('POLI1205-EL2101-201',10,'2020-10-10 00:00:00.000000',1,1,6,201,'POLI1205',4,3080005),('POLI1205-EL2101-202',10,'2021-08-02 00:00:00.000000',1,1,6,202,'POLI1205',4,3080005),('POLI1205-EL2101-203',10,'2020-10-06 00:00:00.000000',1,1,6,203,'POLI1205',4,3080005),('POLI1205-EL2102-201',10,'2020-10-10 00:00:00.000000',1,3,6,201,'POLI1205',4,3080005),('POLI1205-EL2102-202',10,'2021-08-02 00:00:00.000000',1,3,6,202,'POLI1205',4,3080005),('POLI1205-EL2102-203',10,'2020-10-06 00:00:00.000000',1,3,6,203,'POLI1205',4,3080005),('POLI1205-IT2101-201',10,'2020-10-10 00:00:00.000000',1,1,7,201,'POLI1205',2,3020005),('POLI1205-IT2101-202',10,'2021-08-02 00:00:00.000000',1,1,7,202,'POLI1205',2,3020005),('POLI1205-IT2101-203',10,'2020-10-06 00:00:00.000000',1,1,7,203,'POLI1205',2,3020005),('POLI1205-IT2102-201',10,'2020-10-10 00:00:00.000000',1,3,7,201,'POLI1205',2,3020005),('POLI1205-IT2102-202',10,'2021-08-02 00:00:00.000000',1,3,7,202,'POLI1205',2,3020005),('POLI1205-IT2102-203',10,'2020-10-06 00:00:00.000000',1,3,7,203,'POLI1205',2,3020005),('POLI1304-IT2101-201',10,'2020-10-10 00:00:00.000000',1,1,5,201,'POLI1304',2,3020004),('POLI1304-IT2101-202',10,'2021-08-02 00:00:00.000000',1,1,5,202,'POLI1304',2,3020004),('POLI1304-IT2101-203',10,'2020-10-06 00:00:00.000000',1,1,5,203,'POLI1304',2,3020004),('POLI1304-IT2102-201',10,'2020-10-10 00:00:00.000000',1,3,6,201,'POLI1304',2,3020004),('POLI1304-IT2102-202',10,'2021-08-02 00:00:00.000000',1,3,6,202,'POLI1304',2,3020004),('POLI1304-IT2102-203',10,'2020-10-06 00:00:00.000000',1,3,6,203,'POLI1304',2,3020004);
/*!40000 ALTER TABLE `course_schedule` ENABLE KEYS */;
UNLOCK TABLES;

--
-- Table structure for table `faculty`
--

DROP TABLE IF EXISTS `faculty`;
/*!40101 SET @saved_cs_client     = @@character_set_client */;
/*!50503 SET character_set_client = utf8mb4 */;
CREATE TABLE `faculty` (
  `id` bigint NOT NULL AUTO_INCREMENT,
  `name` varchar(255) DEFAULT NULL,
  PRIMARY KEY (`id`)
) ENGINE=InnoDB AUTO_INCREMENT=14 DEFAULT CHARSET=utf8mb4 COLLATE=utf8mb4_0900_ai_ci;
/*!40101 SET character_set_client = @saved_cs_client */;

--
-- Dumping data for table `faculty`
--

LOCK TABLES `faculty` WRITE;
/*!40000 ALTER TABLE `faculty` DISABLE KEYS */;
INSERT INTO `faculty` VALUES (1,'Cng ngh sinh hc'),(2,'Cng ngh thng tin'),(3,'K ton kim ton'),(4,'Ngoi ng'),(5,'Kinh t v qun l cng'),(6,'Lut'),(7,'Khoa hc c bn'),(8,'o to c bit'),(9,'Qun tr kinh doanh'),(10,'Ti chnh - Ngn hng'),(11,'Xy dng'),(12,'X hi hc - Cng tc x hi - ng Nam '),(13,'C bn');
/*!40000 ALTER TABLE `faculty` ENABLE KEYS */;
UNLOCK TABLES;

--
-- Table structure for table `post`
--

DROP TABLE IF EXISTS `post`;
/*!40101 SET @saved_cs_client     = @@character_set_client */;
/*!50503 SET character_set_client = utf8mb4 */;
CREATE TABLE `post` (
  `id` varchar(255) NOT NULL,
  `content` text,
  `image` text,
  `title` varchar(255) DEFAULT NULL,
  `updated_date` datetime(6) DEFAULT NULL,
  `admin_id` bigint DEFAULT NULL,
  `admission_type` bigint DEFAULT NULL,
  PRIMARY KEY (`id`),
  KEY `FK8o081q6nsu419mp5fs6r6d98s` (`admin_id`),
  KEY `FK2xydgnegvblvwqsg21avhrm94` (`admission_type`),
  CONSTRAINT `FK2xydgnegvblvwqsg21avhrm94` FOREIGN KEY (`admission_type`) REFERENCES `admission_type` (`id`),
  CONSTRAINT `FK8o081q6nsu419mp5fs6r6d98s` FOREIGN KEY (`admin_id`) REFERENCES `user` (`id`)
) ENGINE=InnoDB DEFAULT CHARSET=utf8mb4 COLLATE=utf8mb4_0900_ai_ci;
/*!40101 SET character_set_client = @saved_cs_client */;

--
-- Dumping data for table `post`
--

LOCK TABLES `post` WRITE;
/*!40000 ALTER TABLE `post` DISABLE KEYS */;
INSERT INTO `post` VALUES ('123123-tesst-20231011-205443','<p><span style=\"color: rgb(7, 104, 159);\">Sinh vin vui lng c k trc khi tin hnh ng k mn hc</span></p>','https://res.cloudinary.com/dbh8vdpi7/image/upload/v1696930095/agfijdxtogbhmu2dqjle.jpg','Qui nh ng k mn hc 2022','2023-10-11 21:01:00.555000',1020001,1),('danh-sach-benh-vien-kham-chua-benh-quy-3-2023-20231011-210520','<p class=\"ql-align-center\"><a href=\"http://v1.ou.edu.vn/tramyte/Pages/DS-KCB-Q3-2023.aspx\" rel=\"noopener noreferrer\" target=\"_blank\" style=\"color: rgb(7, 104, 159);\"><strong>Xem danh sch</strong></a></p>','https://res.cloudinary.com/dbh8vdpi7/image/upload/v1696930095/agfijdxtogbhmu2dqjle.jpg','Danh sch bnh vin khm cha bnh Qu 3/2023','2023-10-11 21:05:20.430000',1020001,1),('huong-dan-ang-ky-mon-hoc-tieng-anh-khong-chuyen-20231009-031618','<div _ngcontent-xhr-c155=\"\" class=\"ck-content ng-star-inserted\"><div _ngcontent-xhr-c155=\"\" class=\"text-justify my-1 title_nd\" style=\"line-height: 160%;\"><p><a target=\"_blank\" rel=\"noopener noreferrer\" href=\"http://dkmh.ou.edu.vn/kehoach_dkmh/HuongdandangkytiengAnh.pdf\"><span style=\"background-color:rgb(220,83,49);color:rgb(255,255,255);\">HNG DN ng k mn hc ting Anh khng chuyn dnh cho sinh vin t kho 2018 tr v trc</span></a></p></div></div>','https://res.cloudinary.com/dbh8vdpi7/image/upload/v1696795869/loa-thong-bao_zjrme9.jpg','Hng dn ng k mn hc Ting Anh khng chuyn','2023-10-09 03:16:18.762000',NULL,NULL),('ia-iem-hoc-tap-20231011-210433','<p><strong>NB... </strong></p><p>a im hc Trng H M Tp. HCM</p><p>Khu dn c Nhn c, X Nhn c, Huyn Nh B, Thnh ph H Ch Minh</p>','https://res.cloudinary.com/dbh8vdpi7/image/upload/v1694068513/eyro3qkncu2hbcmh90d6.png','a im hc tp','2023-10-11 21:04:33.300000',1020001,1),('test-bai-ang-moi-tu-react-20231010-162814','<p class=\"ql-align-justify\"><strong>Hc ph theo tng kha hc, chng trnh  link nh km</strong></p><p class=\"ql-align-justify\"><a href=\"https://tienichsv.ou.edu.vn/api/fileManager/file/Document//TBHocphiCTCLCK2022.pdf\" rel=\"noopener noreferrer\" target=\"_blank\" style=\"background-color: transparent; color: rgb(7, 104, 159);\">TB Hc ph CT CLC K2022</a></p><p class=\"ql-align-justify\"><a href=\"https://tienichsv.ou.edu.vn/api/fileManager/file/Document//TBHocphiCTCLCK2021trovetruoc.pdf\" rel=\"noopener noreferrer\" target=\"_blank\" style=\"background-color: transparent; color: rgb(7, 104, 159);\">TB Hc ph CT CLC K2021 tr v trc</a></p><p class=\"ql-align-justify\"><a href=\"https://tienichsv.ou.edu.vn/api/fileManager/file/Document//TBHocphiCTDTdaitraK2019.pdf\" rel=\"noopener noreferrer\" target=\"_blank\" style=\"background-color: transparent; color: rgb(7, 104, 159);\">TB Hc ph CTDT i tr K2019</a></p><p class=\"ql-align-justify\"><a href=\"https://tienichsv.ou.edu.vn/api/fileManager/file/Document//TBHocphiCTDTdaitraK2020.pdf\" rel=\"noopener noreferrer\" target=\"_blank\" style=\"background-color: transparent; color: rgb(7, 104, 159);\">TB Hc ph CTDT i tr K2020</a></p><p class=\"ql-align-justify\"><a href=\"https://tienichsv.ou.edu.vn/api/fileManager/file/Document//TBHocphiCTDTdaitraK2021.pdf\" rel=\"noopener noreferrer\" target=\"_blank\" style=\"background-color: transparent; color: rgb(7, 104, 159);\">TB Hc ph CTDT i tr K2021</a></p><p class=\"ql-align-justify\"><a href=\"https://tienichsv.ou.edu.vn/api/fileManager/file/Document//TBHocphiCTDTdaitraK2022.pdf\" rel=\"noopener noreferrer\" target=\"_blank\" style=\"background-color: transparent; color: rgb(7, 104, 159);\">TB Hc ph CTDT i tr K2022</a></p>','https://res.cloudinary.com/dbh8vdpi7/image/upload/v1696930095/agfijdxtogbhmu2dqjle.jpg','Thng bo hc ph','2023-10-11 20:57:25.475000',1020001,NULL),('test-tinh-nang-moi-20231010-170435','<p class=\"ql-align-justify\"><strong>Hng dn cc knh thanh ton hc ph</strong></p><p class=\"ql-align-justify\">Cc bn Click vo link nh km  xem hng dn:&nbsp;<a href=\"http://quanlydaotao.ou.edu.vn/tai-lieu-huong-dan-cac-kenh-thanh-toan-hoc-phi\" rel=\"noopener noreferrer\" target=\"_blank\" style=\"background-color: transparent; color: rgb(7, 104, 159);\">Hng dn cc knh thanh ton hc ph</a></p><p><br></p>','https://res.cloudinary.com/dbh8vdpi7/image/upload/v1696930095/agfijdxtogbhmu2dqjle.jpg','Hng dn cc knh thanh ton hc ph','2023-10-11 20:59:20.896000',1020001,NULL);
/*!40000 ALTER TABLE `post` ENABLE KEYS */;
UNLOCK TABLES;

--
-- Table structure for table `scheduled_exam`
--

DROP TABLE IF EXISTS `scheduled_exam`;
/*!40101 SET @saved_cs_client     = @@character_set_client */;
/*!50503 SET character_set_client = utf8mb4 */;
CREATE TABLE `scheduled_exam` (
  `id` bigint NOT NULL AUTO_INCREMENT,
  `exam_date` datetime(6) DEFAULT NULL,
  `schedule_id` varchar(255) DEFAULT NULL,
  `time_slot` bigint DEFAULT NULL,
  PRIMARY KEY (`id`),
  UNIQUE KEY `UK_4dnu1ubfv7mn0sh4ejw52mopo` (`schedule_id`),
  KEY `FKmga0oq5yngnq49watqdkporyy` (`time_slot`),
  CONSTRAINT `FKkxv0vv920vp32p4v512ru7nlj` FOREIGN KEY (`schedule_id`) REFERENCES `course_schedule` (`schedule_id`),
  CONSTRAINT `FKmga0oq5yngnq49watqdkporyy` FOREIGN KEY (`time_slot`) REFERENCES `time_slot` (`id`)
) ENGINE=InnoDB DEFAULT CHARSET=utf8mb4 COLLATE=utf8mb4_0900_ai_ci;
/*!40101 SET character_set_client = @saved_cs_client */;

--
-- Dumping data for table `scheduled_exam`
--

LOCK TABLES `scheduled_exam` WRITE;
/*!40000 ALTER TABLE `scheduled_exam` DISABLE KEYS */;
/*!40000 ALTER TABLE `scheduled_exam` ENABLE KEYS */;
UNLOCK TABLES;

--
-- Table structure for table `student_join_course`
--

DROP TABLE IF EXISTS `student_join_course`;
/*!40101 SET @saved_cs_client     = @@character_set_client */;
/*!50503 SET character_set_client = utf8mb4 */;
CREATE TABLE `student_join_course` (
  `id` bigint NOT NULL AUTO_INCREMENT,
  `register_date` datetime(6) DEFAULT NULL,
  `total_score` float DEFAULT NULL,
  `course_schedule` varchar(255) DEFAULT NULL,
  `student` bigint DEFAULT NULL,
  PRIMARY KEY (`id`),
  KEY `FKkqd61pn90657qyv8ii9hy53l7` (`course_schedule`),
  KEY `FKe09w35ht9c2gyggrwavhttbq8` (`student`),
  CONSTRAINT `FKe09w35ht9c2gyggrwavhttbq8` FOREIGN KEY (`student`) REFERENCES `user` (`id`),
  CONSTRAINT `FKkqd61pn90657qyv8ii9hy53l7` FOREIGN KEY (`course_schedule`) REFERENCES `course_schedule` (`schedule_id`)
) ENGINE=InnoDB DEFAULT CHARSET=utf8mb4 COLLATE=utf8mb4_0900_ai_ci;
/*!40101 SET character_set_client = @saved_cs_client */;

--
-- Dumping data for table `student_join_course`
--

LOCK TABLES `student_join_course` WRITE;
/*!40000 ALTER TABLE `student_join_course` DISABLE KEYS */;
/*!40000 ALTER TABLE `student_join_course` ENABLE KEYS */;
UNLOCK TABLES;

--
-- Table structure for table `time_slot`
--

DROP TABLE IF EXISTS `time_slot`;
/*!40101 SET @saved_cs_client     = @@character_set_client */;
/*!50503 SET character_set_client = utf8mb4 */;
CREATE TABLE `time_slot` (
  `id` bigint NOT NULL,
  `from_time` time(6) DEFAULT NULL,
  PRIMARY KEY (`id`)
) ENGINE=InnoDB DEFAULT CHARSET=utf8mb4 COLLATE=utf8mb4_0900_ai_ci;
/*!40101 SET character_set_client = @saved_cs_client */;

--
-- Dumping data for table `time_slot`
--

LOCK TABLES `time_slot` WRITE;
/*!40000 ALTER TABLE `time_slot` DISABLE KEYS */;
INSERT INTO `time_slot` VALUES (1,'07:00:00.000000'),(2,'09:30:00.000000'),(3,'13:00:00.000000'),(4,'15:30:00.000000'),(5,'18:00:00.000000');
/*!40000 ALTER TABLE `time_slot` ENABLE KEYS */;
UNLOCK TABLES;

--
-- Table structure for table `user`
--

DROP TABLE IF EXISTS `user`;
/*!40101 SET @saved_cs_client     = @@character_set_client */;
/*!50503 SET character_set_client = utf8mb4 */;
CREATE TABLE `user` (
  `id` bigint NOT NULL,
  `dob` datetime(6) DEFAULT NULL,
  `email` varchar(255) DEFAULT NULL,
  `first_name` varchar(255) DEFAULT NULL,
  `gender` varchar(255) DEFAULT NULL,
  `last_name` varchar(255) DEFAULT NULL,
  `role` varchar(255) DEFAULT NULL,
  `faculty` bigint DEFAULT NULL,
  `student_class` varchar(255) DEFAULT NULL,
  `sequence_num` bigint DEFAULT NULL,
  PRIMARY KEY (`id`),
  KEY `FK9whq0gxpgwvfhasbdo6tp8m0o` (`faculty`),
  CONSTRAINT `FK9whq0gxpgwvfhasbdo6tp8m0o` FOREIGN KEY (`faculty`) REFERENCES `faculty` (`id`)
) ENGINE=InnoDB DEFAULT CHARSET=utf8mb4 COLLATE=utf8mb4_0900_ai_ci;
/*!40101 SET character_set_client = @saved_cs_client */;

--
-- Dumping data for table `user`
--

LOCK TABLES `user` WRITE;
/*!40000 ALTER TABLE `user` DISABLE KEYS */;
INSERT INTO `user` VALUES (1020001,'2002-11-29 00:00:00.000000','admin@ou.edu.vn','Linh','N','V','ROLE_ADMIN',2,NULL,1),(2010001,'2002-02-10 00:00:00.000000','user1@example.com','Anh','Nam','Nguyn Vn','ROLE_STUDENT',1,NULL,1),(2010002,'2003-04-15 00:00:00.000000','user2@example.com','Diu','N','Trn Th','ROLE_STUDENT',1,NULL,2),(2010003,'2002-07-20 00:00:00.000000','user3@example.com','Qun','Nam','Phm nh','ROLE_STUDENT',1,NULL,3),(2010004,'2003-10-25 00:00:00.000000','user4@example.com','Thu','N','L Th','ROLE_STUDENT',1,NULL,4),(2010005,'2004-01-30 00:00:00.000000','user5@example.com','Ti','Nam','Hong Vn','ROLE_STUDENT',1,NULL,5),(2010006,'2002-03-05 00:00:00.000000','user6@example.com','Phng','N','Nguyn Th','ROLE_STUDENT',1,NULL,6),(2010007,'2003-05-10 00:00:00.000000','user7@example.com','c','Nam','Trn Vn','ROLE_STUDENT',1,NULL,7),(2010008,'2002-08-15 00:00:00.000000','user8@example.com','Bo','N','Phm Th','ROLE_STUDENT',1,NULL,8),(2010009,'2003-11-20 00:00:00.000000','user9@example.com','Hng','Nam','L Vn','ROLE_STUDENT',1,NULL,9),(2010010,'2004-02-25 00:00:00.000000','user10@example.com','Lan','N','Hong Th','ROLE_STUDENT',1,NULL,10),(2010011,'2002-03-10 00:00:00.000000','user11@example.com','Sn','Nam','Nguyn Vn','ROLE_STUDENT',1,NULL,11),(2010012,'2003-06-15 00:00:00.000000','user12@example.com','Quang','Nam','Trn Vn','ROLE_STUDENT',1,NULL,12),(2010013,'2002-09-20 00:00:00.000000','user13@example.com','H','N','Phm Th','ROLE_STUDENT',1,NULL,13),(2010014,'2003-12-25 00:00:00.000000','user14@example.com','Thun','N','L Th','ROLE_STUDENT',1,NULL,14),(2010015,'2004-03-30 00:00:00.000000','user15@example.com','Pht','Nam','Hong Vn','ROLE_STUDENT',1,NULL,15),(2010016,'2002-04-05 00:00:00.000000','user16@example.com','Tun','Nam','Nguyn Vn','ROLE_STUDENT',1,NULL,16),(2010017,'2003-07-10 00:00:00.000000','user17@example.com','Bnh','N','Trn Th','ROLE_STUDENT',1,NULL,17),(2010018,'2002-10-15 00:00:00.000000','user18@example.com','Trang','N','Phm Th','ROLE_STUDENT',1,NULL,18),(2010019,'2003-01-20 00:00:00.000000','user19@example.com','Phng','N','L Th','ROLE_STUDENT',1,NULL,19),(2010020,'2004-04-25 00:00:00.000000','user20@example.com','i','Nam','Hong Vn','ROLE_STUDENT',1,NULL,20),(2010021,'2002-05-10 00:00:00.000000','user21@example.com','Qun','Nam','Nguyn Vn','ROLE_STUDENT',1,NULL,21),(2010022,'2003-08-15 00:00:00.000000','user22@example.com','Minh','Nam','Trn Vn','ROLE_STUDENT',1,NULL,22),(2010023,'2002-11-20 00:00:00.000000','user23@example.com','Nga','N','Phm Th','ROLE_STUDENT',1,NULL,23),(2010024,'2003-02-25 00:00:00.000000','user24@example.com','c','Nam','L Vn','ROLE_STUDENT',1,NULL,24),(2010025,'2004-05-30 00:00:00.000000','user25@example.com','Linh','N','Hong Th','ROLE_STUDENT',1,NULL,25),(2010026,'2002-06-05 00:00:00.000000','user26@example.com','Khoa','Nam','Nguyn Vn','ROLE_STUDENT',1,NULL,26),(2010027,'2003-09-10 00:00:00.000000','user27@example.com','Mai','N','Trn Th','ROLE_STUDENT',1,NULL,27),(2010028,'2002-12-15 00:00:00.000000','user28@example.com','Quang','Nam','Phm nh','ROLE_STUDENT',1,NULL,28),(2010029,'2003-03-20 00:00:00.000000','user29@example.com','Hoa','N','L Th','ROLE_STUDENT',1,NULL,29),(2010030,'2004-06-25 00:00:00.000000','user30@example.com','Vit','Nam','Hong Vn','ROLE_STUDENT',1,NULL,30),(2010031,'2002-07-10 00:00:00.000000','user31@example.com','Loan','N','Nguyn Th','ROLE_STUDENT',1,NULL,31),(2010032,'2003-10-15 00:00:00.000000','user32@example.com','Long','Nam','Trn Vn','ROLE_STUDENT',1,NULL,32),(2010033,'2002-01-20 00:00:00.000000','user33@example.com','nh','N','Phm Th','ROLE_STUDENT',1,NULL,33),(2010034,'2003-04-25 00:00:00.000000','user34@example.com','Ngc','N','L Th','ROLE_STUDENT',1,NULL,34),(2010035,'2004-07-30 00:00:00.000000','user35@example.com','Dng','Nam','Hong Vn','ROLE_STUDENT',1,NULL,35),(2010036,'2002-08-05 00:00:00.000000','user36@example.com','Anh','Nam','Nguyn Vn','ROLE_STUDENT',1,NULL,36),(2010037,'2003-11-10 00:00:00.000000','user37@example.com','Diu','N','Trn Th','ROLE_STUDENT',1,NULL,37),(2010038,'2002-02-15 00:00:00.000000','user38@example.com','Qun','Nam','Phm nh','ROLE_STUDENT',1,NULL,38),(2010039,'2003-05-20 00:00:00.000000','user39@example.com','Thu','N','L Th','ROLE_STUDENT',1,NULL,39),(2010040,'2004-08-25 00:00:00.000000','user40@example.com','Ti','Nam','Hong Vn','ROLE_STUDENT',1,NULL,40),(2020001,'2002-09-15 00:00:00.000000','user41@example.com','Bch','N','Nguyn Th','ROLE_STUDENT',2,NULL,1),(2020002,'2003-12-20 00:00:00.000000','user42@example.com','Hiu','Nam','Trn Vn','ROLE_STUDENT',2,NULL,2),(2020003,'2002-01-25 00:00:00.000000','user43@example.com','Tho','N','Phm Th','ROLE_STUDENT',2,NULL,3),(2020004,'2003-04-30 00:00:00.000000','user44@example.com','t','Nam','L Vn','ROLE_STUDENT',2,NULL,4),(2020005,'2004-07-05 00:00:00.000000','user45@example.com','Ly','N','Hong Th','ROLE_STUDENT',2,NULL,5),(2020006,'2002-08-10 00:00:00.000000','user46@example.com','Hoan','Nam','Nguyn Vn','ROLE_STUDENT',2,NULL,6),(2020007,'2003-11-15 00:00:00.000000','user47@example.com','Nh','N','Trn Th','ROLE_STUDENT',2,NULL,7),(2020008,'2002-02-20 00:00:00.000000','user48@example.com','Tn','Nam','Phm Vn','ROLE_STUDENT',2,NULL,8),(2020009,'2003-05-25 00:00:00.000000','user49@example.com','Duyn','N','L Th','ROLE_STUDENT',2,NULL,9),(2020010,'2004-08-30 00:00:00.000000','user50@example.com','Hong','Nam','Hong Vn','ROLE_STUDENT',2,NULL,10),(2020011,'2002-09-15 00:00:00.000000','user51@example.com','Bnh','N','Nguyn Th','ROLE_STUDENT',2,NULL,11),(2020012,'2003-12-20 00:00:00.000000','user52@example.com','Hin','Nam','Trn Vn','ROLE_STUDENT',2,NULL,12),(2020013,'2002-01-25 00:00:00.000000','user53@example.com','Trng','Nam','Phm Vn','ROLE_STUDENT',2,NULL,13),(2020014,'2003-04-30 00:00:00.000000','user54@example.com','Ngc','N','L Th','ROLE_STUDENT',2,NULL,14),(2020015,'2004-07-05 00:00:00.000000','user55@example.com','Ho','Nam','Hong Vn','ROLE_STUDENT',2,NULL,15),(2020016,'2002-08-10 00:00:00.000000','user56@example.com','Hng','N','Nguyn Th','ROLE_STUDENT',2,NULL,16),(2020017,'2003-11-15 00:00:00.000000','user57@example.com','in','Nam','Trn Vn','ROLE_STUDENT',2,NULL,17),(2020018,'2002-02-20 00:00:00.000000','user58@example.com','Qunh','N','Phm Th','ROLE_STUDENT',2,NULL,18),(2020019,'2003-05-25 00:00:00.000000','user59@example.com','Bnh','Nam','L Vn','ROLE_STUDENT',2,NULL,19),(2020020,'2004-08-30 00:00:00.000000','user60@example.com','Trm','N','Hong Th','ROLE_STUDENT',2,NULL,20),(2020021,'2002-09-15 00:00:00.000000','user61@example.com','Bu','Nam','Nguyn Vn','ROLE_STUDENT',2,NULL,21),(2020022,'2003-12-20 00:00:00.000000','user62@example.com','Phng','N','Trn Th','ROLE_STUDENT',2,NULL,22),(2020023,'2002-01-25 00:00:00.000000','user63@example.com','Ch','Nam','Phm Vn','ROLE_STUDENT',2,NULL,23),(2020024,'2003-04-30 00:00:00.000000','user64@example.com','Tuyt','N','L Th','ROLE_STUDENT',2,NULL,24),(2020025,'2004-07-05 00:00:00.000000','user65@example.com','Phc','Nam','Hong Vn','ROLE_STUDENT',2,NULL,25),(2020026,'2002-08-10 00:00:00.000000','user66@example.com','Sng','N','Nguyn Th','ROLE_STUDENT',2,NULL,26),(2020027,'2003-11-15 00:00:00.000000','user67@example.com','Sng','Nam','Trn Vn','ROLE_STUDENT',2,NULL,27),(2020028,'2002-02-20 00:00:00.000000','user68@example.com','Bnh','Nam','Phm Vn','ROLE_STUDENT',2,NULL,28),(2020029,'2003-05-25 00:00:00.000000','user69@example.com','Anh','N','L Th','ROLE_STUDENT',2,NULL,29),(2020030,'2004-08-30 00:00:00.000000','user70@example.com','Khnh','Nam','Hong Vn','ROLE_STUDENT',2,NULL,30),(2020031,'2002-09-15 00:00:00.000000','user71@example.com','Hoa','N','Nguyn Th','ROLE_STUDENT',2,NULL,31),(2020032,'2003-12-20 00:00:00.000000','user72@example.com','Hong','Nam','Trn Vn','ROLE_STUDENT',2,NULL,32),(2020033,'2002-01-25 00:00:00.000000','user73@example.com','Dip','N','Phm Th','ROLE_STUDENT',2,NULL,33),(2020034,'2003-04-30 00:00:00.000000','user74@example.com','Sn','Nam','L Vn','ROLE_STUDENT',2,NULL,34),(2020035,'2004-07-05 00:00:00.000000','user75@example.com','Dung','N','Hong Th','ROLE_STUDENT',2,NULL,35),(2020036,'2002-08-10 00:00:00.000000','user76@example.com','Lm','Nam','Nguyn Vn','ROLE_STUDENT',2,NULL,36),(2020037,'2003-11-15 00:00:00.000000','user77@example.com','Thin','N','Trn Th','ROLE_STUDENT',2,NULL,37),(2020038,'2002-02-20 00:00:00.000000','user78@example.com','Hong','Nam','Phm Vn','ROLE_STUDENT',2,NULL,38),(2020039,'2003-05-25 00:00:00.000000','user79@example.com','ip','N','L Th','ROLE_STUDENT',2,NULL,39),(2020040,'2004-08-30 00:00:00.000000','user80@example.com','ng','Nam','Hong Vn','ROLE_STUDENT',2,NULL,40),(2030001,'2002-09-15 00:00:00.000000','user81@example.com','Khim','Nam','Nguyn Vn','ROLE_STUDENT',3,NULL,1),(2030002,'2003-12-20 00:00:00.000000','user82@example.com','Ngc','N','Trn Th','ROLE_STUDENT',3,NULL,2),(2030003,'2002-01-25 00:00:00.000000','user83@example.com','Chung','Nam','Phm Vn','ROLE_STUDENT',3,NULL,3),(2030004,'2003-04-30 00:00:00.000000','user84@example.com','Hng','N','L Th','ROLE_STUDENT',3,NULL,4),(2030005,'2004-07-05 00:00:00.000000','user85@example.com','Dng','Nam','Hong Vn','ROLE_STUDENT',3,NULL,5),(2030006,'2002-08-10 00:00:00.000000','user86@example.com','H','N','Nguyn Th','ROLE_STUDENT',3,NULL,6),(2030007,'2003-11-15 00:00:00.000000','user87@example.com','Thnh','Nam','Trn Vn','ROLE_STUDENT',3,NULL,7),(2030008,'2002-02-20 00:00:00.000000','user88@example.com','Huy','Nam','Phm Vn','ROLE_STUDENT',3,NULL,8),(2030009,'2003-05-25 00:00:00.000000','user89@example.com','Hoi','N','L Th','ROLE_STUDENT',3,NULL,9),(2030010,'2004-08-30 00:00:00.000000','user90@example.com','T','Nam','Hong Vn','ROLE_STUDENT',3,NULL,10),(2030011,'2002-09-15 00:00:00.000000','user91@example.com','Phng','N','Nguyn Th','ROLE_STUDENT',3,NULL,11),(2030012,'2003-12-20 00:00:00.000000','user92@example.com','Tin','Nam','Trn Vn','ROLE_STUDENT',3,NULL,12),(2030013,'2002-01-25 00:00:00.000000','user93@example.com','c','Nam','Phm Vn','ROLE_STUDENT',3,NULL,13),(2030014,'2003-04-30 00:00:00.000000','user94@example.com','Hong','N','L Th','ROLE_STUDENT',3,NULL,14),(2030015,'2004-07-05 00:00:00.000000','user95@example.com','Sn','Nam','Hong Vn','ROLE_STUDENT',3,NULL,15),(2030016,'2002-08-10 00:00:00.000000','user96@example.com','Thu','N','Nguyn Th','ROLE_STUDENT',3,NULL,16),(2030017,'2003-11-15 00:00:00.000000','user97@example.com','Khoa','Nam','Trn Vn','ROLE_STUDENT',3,NULL,17),(2030018,'2002-02-20 00:00:00.000000','user98@example.com','Phc','Nam','Phm Vn','ROLE_STUDENT',3,NULL,18),(2030019,'2003-05-25 00:00:00.000000','user99@example.com','Hoa','N','L Th','ROLE_STUDENT',3,NULL,19),(2030020,'2004-08-30 00:00:00.000000','user100@example.com','Vit','Nam','Hong Vn','ROLE_STUDENT',3,NULL,20),(2040001,'2002-09-15 00:00:00.000000','user101@example.com','c','Nam','Nguyn Vn','ROLE_STUDENT',4,NULL,1),(2040002,'2003-12-20 00:00:00.000000','user102@example.com','Phng','N','Trn Th','ROLE_STUDENT',4,NULL,2),(2040003,'2002-01-25 00:00:00.000000','user103@example.com','on','Nam','Phm Vn','ROLE_STUDENT',4,NULL,3),(2040004,'2003-04-30 00:00:00.000000','user104@example.com','Thu','N','L Th','ROLE_STUDENT',4,NULL,4),(2040005,'2004-07-05 00:00:00.000000','user105@example.com','Sng','Nam','Hong Vn','ROLE_STUDENT',4,NULL,5),(2040006,'2002-08-10 00:00:00.000000','user106@example.com','Hon','N','Nguyn Th','ROLE_STUDENT',4,NULL,6),(2040007,'2003-11-15 00:00:00.000000','user107@example.com','Thng','Nam','Trn Vn','ROLE_STUDENT',4,NULL,7),(2040008,'2002-02-20 00:00:00.000000','user108@example.com','Sn','Nam','Phm Vn','ROLE_STUDENT',4,NULL,8),(2040009,'2003-05-25 00:00:00.000000','user109@example.com','Thu','N','L Th','ROLE_STUDENT',4,NULL,9),(2040010,'2004-08-30 00:00:00.000000','user110@example.com','Quyn','Nam','Hong Vn','ROLE_STUDENT',4,NULL,10),(2040011,'2002-09-15 00:00:00.000000','user111@example.com','Bo','N','Nguyn Th','ROLE_STUDENT',4,NULL,11),(2040012,'2003-12-20 00:00:00.000000','user112@example.com','Sn','Nam','Trn Vn','ROLE_STUDENT',4,NULL,12),(2040013,'2002-01-25 00:00:00.000000','user113@example.com','Bnh','Nam','Phm Vn','ROLE_STUDENT',4,NULL,13),(2040014,'2003-04-30 00:00:00.000000','user114@example.com','Thy','N','L Th','ROLE_STUDENT',4,NULL,14),(2040015,'2004-07-05 00:00:00.000000','user115@example.com','Ch','Nam','Hong Vn','ROLE_STUDENT',4,NULL,15),(2040016,'2002-08-10 00:00:00.000000','user116@example.com','Mai','N','Nguyn Th','ROLE_STUDENT',4,NULL,16),(2040017,'2003-11-15 00:00:00.000000','user117@example.com','Pht','Nam','Trn Vn','ROLE_STUDENT',4,NULL,17),(2040018,'2002-02-20 00:00:00.000000','user118@example.com','Trung','Nam','Phm Vn','ROLE_STUDENT',4,NULL,18),(2040019,'2003-05-25 00:00:00.000000','user119@example.com','Nga','N','L Th','ROLE_STUDENT',4,NULL,19),(2040020,'2004-08-30 00:00:00.000000','user120@example.com','Quang','Nam','Hong Vn','ROLE_STUDENT',4,NULL,20),(2040021,'2002-09-15 00:00:00.000000','user121@example.com','Bnh','N','Nguyn Th','ROLE_STUDENT',4,NULL,21),(2040022,'2003-12-20 00:00:00.000000','user122@example.com','Minh','Nam','Trn Vn','ROLE_STUDENT',4,NULL,22),(2040023,'2002-01-25 00:00:00.000000','user123@example.com','Ngha','Nam','Phm Vn','ROLE_STUDENT',4,NULL,23),(2040024,'2003-04-30 00:00:00.000000','user124@example.com','Diu','N','L Th','ROLE_STUDENT',4,NULL,24),(2040025,'2004-07-05 00:00:00.000000','user125@example.com','Huy','Nam','Hong Vn','ROLE_STUDENT',4,NULL,25),(2040026,'2002-08-10 00:00:00.000000','user126@example.com','Ngc','N','Nguyn Th','ROLE_STUDENT',4,NULL,26),(2040027,'2003-11-15 00:00:00.000000','user127@example.com','ip','Nam','Trn Vn','ROLE_STUDENT',4,NULL,27),(2040028,'2002-02-20 00:00:00.000000','user128@example.com','Tm','Nam','Phm Vn','ROLE_STUDENT',4,NULL,28),(2040029,'2003-05-25 00:00:00.000000','user129@example.com','Thun','N','L Th','ROLE_STUDENT',4,NULL,29),(2040030,'2004-08-30 00:00:00.000000','user130@example.com','Anh','Nam','Hong Vn','ROLE_STUDENT',4,NULL,30),(2050001,'2002-09-15 00:00:00.000000','user161@example.com','Hng','N','Nguyn Th','ROLE_STUDENT',5,NULL,1),(2050002,'2003-12-20 00:00:00.000000','user162@example.com','Li','Nam','Trn Vn','ROLE_STUDENT',5,NULL,2),(2050003,'2002-01-25 00:00:00.000000','user163@example.com','Qunh','N','Phm Th','ROLE_STUDENT',5,NULL,3),(2050004,'2003-04-30 00:00:00.000000','user164@example.com','ip','Nam','L Vn','ROLE_STUDENT',5,NULL,4),(2050005,'2004-07-05 00:00:00.000000','user165@example.com','Vit','Nam','Hong Vn','ROLE_STUDENT',5,NULL,5),(2050006,'2002-08-10 00:00:00.000000','user166@example.com','Trang','N','Nguyn Th','ROLE_STUDENT',5,NULL,6),(2050007,'2003-11-15 00:00:00.000000','user167@example.com','Phc','Nam','Trn Vn','ROLE_STUDENT',5,NULL,7),(2050008,'2002-02-20 00:00:00.000000','user168@example.com','Nhung','N','Phm Th','ROLE_STUDENT',5,NULL,8),(2050009,'2003-05-25 00:00:00.000000','user169@example.com','Duy','Nam','L Vn','ROLE_STUDENT',5,NULL,9),(2050010,'2004-08-30 00:00:00.000000','user170@example.com','Ha','N','Hong Th','ROLE_STUDENT',5,NULL,10),(2050011,'2002-09-15 00:00:00.000000','user171@example.com','Tm','Nam','Nguyn Vn','ROLE_STUDENT',5,NULL,11),(2050012,'2003-12-20 00:00:00.000000','user172@example.com','Bnh','N','Trn Th','ROLE_STUDENT',5,NULL,12),(2050013,'2002-01-25 00:00:00.000000','user173@example.com','Anh','Nam','Phm Vn','ROLE_STUDENT',5,NULL,13),(2050014,'2003-04-30 00:00:00.000000','user174@example.com','Diu','N','L Th','ROLE_STUDENT',5,NULL,14),(2050015,'2004-07-05 00:00:00.000000','user175@example.com','Quang','Nam','Hong Vn','ROLE_STUDENT',5,NULL,15),(2050016,'2002-08-10 00:00:00.000000','user176@example.com','Danh','Nam','Nguyn Vn','ROLE_STUDENT',5,NULL,16),(2050017,'2003-11-15 00:00:00.000000','user177@example.com','Hng','N','Trn Th','ROLE_STUDENT',5,NULL,17),(2050018,'2002-02-20 00:00:00.000000','user178@example.com','Cng','Nam','Phm Vn','ROLE_STUDENT',5,NULL,18),(2050019,'2003-05-25 00:00:00.000000','user179@example.com','Hoi','N','L Th','ROLE_STUDENT',5,NULL,19),(2050020,'2004-08-30 00:00:00.000000','user180@example.com','Minh','Nam','Hong Vn','ROLE_STUDENT',5,NULL,20),(2050021,'2002-09-15 00:00:00.000000','user181@example.com','Dip','N','Nguyn Th','ROLE_STUDENT',5,NULL,21),(2050022,'2003-12-20 00:00:00.000000','user182@example.com','Linh','Nam','Trn Vn','ROLE_STUDENT',5,NULL,22),(2050023,'2002-01-25 00:00:00.000000','user183@example.com','Mai','N','Phm Th','ROLE_STUDENT',5,NULL,23),(2050024,'2003-04-30 00:00:00.000000','user184@example.com','Hong','Nam','L Vn','ROLE_STUDENT',5,NULL,24),(2050025,'2004-07-05 00:00:00.000000','user185@example.com','Phng','N','Hong Th','ROLE_STUDENT',5,NULL,25),(2050026,'2002-08-10 00:00:00.000000','user186@example.com','Bo','Nam','Nguyn Vn','ROLE_STUDENT',5,NULL,26),(2050027,'2003-11-15 00:00:00.000000','user187@example.com','M','N','Trn Th','ROLE_STUDENT',5,NULL,27),(2050028,'2002-02-20 00:00:00.000000','user188@example.com','Sn','Nam','Phm Vn','ROLE_STUDENT',5,NULL,28),(2050029,'2003-05-25 00:00:00.000000','user189@example.com','Tho','N','L Th','ROLE_STUDENT',5,NULL,29),(2050030,'2004-08-30 00:00:00.000000','user190@example.com','Tun','Nam','Hong Vn','ROLE_STUDENT',5,NULL,30),(3010001,'1976-01-15 00:00:00.000000','teacher1@example.com','Giang','N','Nguyn Th','ROLE_TEACHER',1,NULL,1),(3010002,'1982-05-20 00:00:00.000000','teacher2@example.com','Dng','Nam','Trn Vn','ROLE_TEACHER',1,NULL,2),(3010003,'1988-08-10 00:00:00.000000','teacher3@example.com','Anh','N','Phm Th','ROLE_TEACHER',1,NULL,3),(3010004,'1990-11-25 00:00:00.000000','teacher4@example.com','Thnh','Nam','L Vn','ROLE_TEACHER',1,NULL,4),(3010005,'1995-04-30 00:00:00.000000','teacher5@example.com','Linh','N','Hong Th','ROLE_TEACHER',1,NULL,5),(3020001,'1976-02-15 00:00:00.000000','teacher6@example.com','Hoi','N','Nguyn Th','ROLE_TEACHER',2,NULL,1),(3020002,'1982-06-20 00:00:00.000000','teacher7@example.com','Minh','Nam','Trn Vn','ROLE_TEACHER',2,NULL,2),(3020003,'1988-09-10 00:00:00.000000','teacher8@example.com','Quang','Nam','Phm Vn','ROLE_TEACHER',2,NULL,3),(3020004,'1990-12-25 00:00:00.000000','teacher9@example.com','Dip','N','L Th','ROLE_TEACHER',2,NULL,4),(3020005,'1995-05-30 00:00:00.000000','teacher10@example.com','Vit','Nam','Hong Vn','ROLE_TEACHER',2,NULL,5),(3030001,'1976-01-15 00:00:00.000000','teacher51@example.com','Hng','N','Nguyn Th','ROLE_TEACHER',3,NULL,1),(3030002,'1982-05-20 00:00:00.000000','teacher52@example.com','Li','Nam','Trn Vn','ROLE_TEACHER',3,NULL,2),(3030003,'1988-08-10 00:00:00.000000','teacher53@example.com','Qunh','N','Phm Th','ROLE_TEACHER',3,NULL,3),(3030004,'1990-11-25 00:00:00.000000','teacher54@example.com','ip','Nam','L Vn','ROLE_TEACHER',3,NULL,4),(3030005,'1995-04-30 00:00:00.000000','teacher55@example.com','Vit','Nam','Hong Vn','ROLE_TEACHER',3,NULL,5),(3040001,'1976-02-15 00:00:00.000000','teacher56@example.com','Thu','N','Nguyn Th','ROLE_TEACHER',4,NULL,1),(3040002,'1982-06-20 00:00:00.000000','teacher57@example.com','Lc','Nam','Trn Vn','ROLE_TEACHER',4,NULL,2),(3040003,'1988-09-10 00:00:00.000000','teacher58@example.com','Sn','Nam','Phm Vn','ROLE_TEACHER',4,NULL,3),(3040004,'1990-12-25 00:00:00.000000','teacher59@example.com','Phng','N','L Th','ROLE_TEACHER',4,NULL,4),(3040005,'1995-05-30 00:00:00.000000','teacher60@example.com','ng','Nam','Hong Vn','ROLE_TEACHER',4,NULL,5),(3050001,'1976-03-15 00:00:00.000000','teacher61@example.com','nh','N','Nguyn Th','ROLE_TEACHER',5,NULL,1),(3050002,'1982-07-20 00:00:00.000000','teacher62@example.com','Ch','Nam','Trn Vn','ROLE_TEACHER',5,NULL,2),(3050003,'1988-10-10 00:00:00.000000','teacher63@example.com','Hon','N','Phm Th','ROLE_TEACHER',5,NULL,3),(3050004,'1991-01-25 00:00:00.000000','teacher64@example.com','Minh','Nam','L Vn','ROLE_TEACHER',5,NULL,4),(3050005,'1995-06-30 00:00:00.000000','teacher65@example.com','Diu','N','Hong Th','ROLE_TEACHER',5,NULL,5),(3060001,'1976-04-15 00:00:00.000000','teacher66@example.com','Quang','Nam','Nguyn Vn','ROLE_TEACHER',6,NULL,1),(3060002,'1982-08-20 00:00:00.000000','teacher67@example.com','H','N','Trn Th','ROLE_TEACHER',6,NULL,2),(3060003,'1988-11-10 00:00:00.000000','teacher68@example.com','Qun','Nam','Phm nh','ROLE_TEACHER',6,NULL,3),(3060004,'1991-02-25 00:00:00.000000','teacher69@example.com','Thun','N','L Th','ROLE_TEACHER',6,NULL,4),(3060005,'1995-07-30 00:00:00.000000','teacher70@example.com','Bu','Nam','Hong Vn','ROLE_TEACHER',6,NULL,5),(3070001,'1976-05-15 00:00:00.000000','teacher71@example.com','Kim','N','Nguyn Th','ROLE_TEACHER',7,NULL,1),(3070002,'1982-09-20 00:00:00.000000','teacher72@example.com','Hoi','Nam','Trn Vn','ROLE_TEACHER',7,NULL,2),(3070003,'1988-12-10 00:00:00.000000','teacher73@example.com','Pht','Nam','Phm Vn','ROLE_TEACHER',7,NULL,3),(3070004,'1991-03-25 00:00:00.000000','teacher74@example.com','Hng','N','L Th','ROLE_TEACHER',7,NULL,4),(3070005,'1995-08-30 00:00:00.000000','teacher75@example.com','Sn','Nam','Hong Vn','ROLE_TEACHER',7,NULL,5),(3080001,'1976-06-15 00:00:00.000000','teacher76@example.com','Diu','N','Nguyn Th','ROLE_TEACHER',8,NULL,1),(3080002,'1982-10-20 00:00:00.000000','teacher77@example.com','Tin','Nam','Trn Vn','ROLE_TEACHER',8,NULL,2),(3080003,'1989-01-10 00:00:00.000000','teacher78@example.com','Anh','N','Phm Th','ROLE_TEACHER',8,NULL,3),(3080004,'1991-04-25 00:00:00.000000','teacher79@example.com','Phc','Nam','L Vn','ROLE_TEACHER',8,NULL,4),(3080005,'1995-09-30 00:00:00.000000','teacher80@example.com','Bnh','Nam','Hong Vn','ROLE_TEACHER',8,NULL,5),(3090001,'1976-07-15 00:00:00.000000','teacher81@example.com','Mai','N','Nguyn Th','ROLE_TEACHER',9,NULL,1),(3090002,'1982-11-20 00:00:00.000000','teacher82@example.com','Phong','Nam','Trn Vn','ROLE_TEACHER',9,NULL,2),(3090003,'1989-02-10 00:00:00.000000','teacher83@example.com','Hnh','N','Phm Th','ROLE_TEACHER',9,NULL,3),(3090004,'1991-05-25 00:00:00.000000','teacher84@example.com','Hong','Nam','L Vn','ROLE_TEACHER',9,NULL,4),(3090005,'1995-10-30 00:00:00.000000','teacher85@example.com','Qunh','N','Hong Th','ROLE_TEACHER',9,NULL,5),(3100001,'1976-08-15 00:00:00.000000','teacher86@example.com','c','Nam','Nguyn Vn','ROLE_TEACHER',10,NULL,1),(3100002,'1982-12-20 00:00:00.000000','teacher87@example.com','Ngc','N','Trn Th','ROLE_TEACHER',10,NULL,2),(3100003,'1989-03-10 00:00:00.000000','teacher88@example.com','Sang','Nam','Phm Vn','ROLE_TEACHER',10,NULL,3),(3100004,'1991-06-25 00:00:00.000000','teacher89@example.com','Khoa','Nam','L Vn','ROLE_TEACHER',10,NULL,4),(3100005,'1995-11-30 00:00:00.000000','teacher90@example.com','Trm','N','Hong Th','ROLE_TEACHER',10,NULL,5),(3110001,'1976-09-15 00:00:00.000000','teacher91@example.com','Phng','N','Nguyn Th','ROLE_TEACHER',11,NULL,1),(3110002,'1983-01-20 00:00:00.000000','teacher92@example.com','Kin','Nam','Trn Vn','ROLE_TEACHER',11,NULL,2),(3110003,'1989-04-10 00:00:00.000000','teacher93@example.com','Anh','Nam','Phm Vn','ROLE_TEACHER',11,NULL,3),(3110004,'1991-07-25 00:00:00.000000','teacher94@example.com','Bch','N','L Th','ROLE_TEACHER',11,NULL,4),(3110005,'1995-12-30 00:00:00.000000','teacher95@example.com','Trng','Nam','Hong Vn','ROLE_TEACHER',11,NULL,5),(3120001,'1976-10-15 00:00:00.000000','teacher96@example.com','Thu','N','Nguyn Th','ROLE_TEACHER',12,NULL,1),(3120002,'1983-02-20 00:00:00.000000','teacher97@example.com','Chung','Nam','Trn Vn','ROLE_TEACHER',12,NULL,2),(3120003,'1989-05-10 00:00:00.000000','teacher98@example.com','on','Nam','Phm Vn','ROLE_TEACHER',12,NULL,3),(3120004,'1991-08-25 00:00:00.000000','teacher99@example.com','Hon','N','L Th','ROLE_TEACHER',12,NULL,4),(3120005,'1996-01-30 00:00:00.000000','teacher100@example.com','Sn','Nam','Hong Vn','ROLE_TEACHER',12,NULL,5);
/*!40000 ALTER TABLE `user` ENABLE KEYS */;
UNLOCK TABLES;
/*!40103 SET TIME_ZONE=@OLD_TIME_ZONE */;

/*!40101 SET SQL_MODE=@OLD_SQL_MODE */;
/*!40014 SET FOREIGN_KEY_CHECKS=@OLD_FOREIGN_KEY_CHECKS */;
/*!40014 SET UNIQUE_CHECKS=@OLD_UNIQUE_CHECKS */;
/*!40101 SET CHARACTER_SET_CLIENT=@OLD_CHARACTER_SET_CLIENT */;
/*!40101 SET CHARACTER_SET_RESULTS=@OLD_CHARACTER_SET_RESULTS */;
/*!40101 SET COLLATION_CONNECTION=@OLD_COLLATION_CONNECTION */;
/*!40111 SET SQL_NOTES=@OLD_SQL_NOTES */;

-- Dump completed on 2023-10-14 20:56:05
